[2026-08-21T13:38:06.880+0000] {processor.py:186} INFO - Started process (PID=249) to work on /opt/airflow/dags/first_dag.py
[2026-08-21T13:38:06.886+0000] {processor.py:914} INFO - Processing file /opt/airflow/dags/first_dag.py for tasks to queue
[2026-08-21T13:38:06.923+0000] {logging_mixin.py:190} INFO - [2026-08-21T13:38:06.918+0000] {dagbag.py:588} INFO - Filling up the DagBag from /opt/airflow/dags/first_dag.py
[2026-08-21T13:38:07.062+0000] {processor.py:925} INFO - DAG(s) 'first_dag' retrieved from /opt/airflow/dags/first_dag.py
[2026-08-21T13:38:08.460+0000] {logging_mixin.py:190} INFO - [2026-08-21T13:38:08.459+0000] {override.py:1930} INFO - Created Permission View: can read on DAG:first_dag
[2026-08-21T13:38:08.471+0000] {logging_mixin.py:190} INFO - [2026-08-21T13:38:08.471+0000] {override.py:1930} INFO - Created Permission View: can edit on DAG:first_dag
[2026-08-21T13:38:08.480+0000] {logging_mixin.py:190} INFO - [2026-08-21T13:38:08.479+0000] {override.py:1930} INFO - Created Permission View: can delete on DAG:first_dag
[2026-08-21T13:38:08.489+0000] {logging_mixin.py:190} INFO - [2026-08-21T13:38:08.489+0000] {override.py:1930} INFO - Created Permission View: can read on DAG Run:first_dag
[2026-08-21T13:38:08.498+0000] {logging_mixin.py:190} INFO - [2026-08-21T13:38:08.497+0000] {override.py:1930} INFO - Created Permission View: can delete on DAG Run:first_dag
[2026-08-21T13:38:08.507+0000] {logging_mixin.py:190} INFO - [2026-08-21T13:38:08.506+0000] {override.py:1930} INFO - Created Permission View: can create on DAG Run:first_dag
[2026-08-21T13:38:08.515+0000] {logging_mixin.py:190} INFO - [2026-08-21T13:38:08.515+0000] {override.py:1930} INFO - Created Permission View: menu access on DAG Run:first_dag
[2026-08-21T13:38:08.516+0000] {logging_mixin.py:190} INFO - [2026-08-21T13:38:08.516+0000] {dag.py:3239} INFO - Sync 1 DAGs
[2026-08-21T13:38:08.532+0000] {logging_mixin.py:190} INFO - [2026-08-21T13:38:08.532+0000] {dag.py:3262} INFO - Creating ORM DAG for first_dag
[2026-08-21T13:38:08.549+0000] {logging_mixin.py:190} INFO - [2026-08-21T13:38:08.549+0000] {dag.py:4180} INFO - Setting next_dagrun for first_dag to 2026-08-20 00:00:00+00:00, run_after=2026-08-21 00:00:00+00:00
[2026-08-21T13:38:08.573+0000] {processor.py:208} INFO - Processing /opt/airflow/dags/first_dag.py took 1.760 seconds
[2026-08-21T13:38:38.931+0000] {processor.py:186} INFO - Started process (PID=254) to work on /opt/airflow/dags/first_dag.py
[2026-08-21T13:38:38.933+0000] {processor.py:914} INFO - Processing file /opt/airflow/dags/first_dag.py for tasks to queue
[2026-08-21T13:38:38.938+0000] {logging_mixin.py:190} INFO - [2026-08-21T13:38:38.938+0000] {dagbag.py:588} INFO - Filling up the DagBag from /opt/airflow/dags/first_dag.py
[2026-08-21T13:38:38.963+0000] {processor.py:925} INFO - DAG(s) 'first_dag' retrieved from /opt/airflow/dags/first_dag.py
[2026-08-21T13:38:39.069+0000] {logging_mixin.py:190} INFO - [2026-08-21T13:38:39.069+0000] {dag.py:3239} INFO - Sync 1 DAGs
[2026-08-21T13:38:39.104+0000] {logging_mixin.py:190} INFO - [2026-08-21T13:38:39.104+0000] {dag.py:4180} INFO - Setting next_dagrun for first_dag to 2026-08-20 00:00:00+00:00, run_after=2026-08-21 00:00:00+00:00
[2026-08-21T13:38:39.370+0000] {processor.py:208} INFO - Processing /opt/airflow/dags/first_dag.py took 0.447 seconds
[2026-08-21T13:39:09.657+0000] {processor.py:186} INFO - Started process (PID=259) to work on /opt/airflow/dags/first_dag.py
[2026-08-21T13:39:09.659+0000] {processor.py:914} INFO - Processing file /opt/airflow/dags/first_dag.py for tasks to queue
[2026-08-21T13:39:09.664+0000] {logging_mixin.py:190} INFO - [2026-08-21T13:39:09.664+0000] {dagbag.py:588} INFO - Filling up the DagBag from /opt/airflow/dags/first_dag.py
[2026-08-21T13:39:09.695+0000] {processor.py:925} INFO - DAG(s) 'first_dag' retrieved from /opt/airflow/dags/first_dag.py
[2026-08-21T13:39:09.744+0000] {logging_mixin.py:190} INFO - [2026-08-21T13:39:09.744+0000] {dag.py:3239} INFO - Sync 1 DAGs
[2026-08-21T13:39:10.002+0000] {logging_mixin.py:190} INFO - [2026-08-21T13:39:10.001+0000] {dag.py:4180} INFO - Setting next_dagrun for first_dag to 2026-08-20 00:00:00+00:00, run_after=2026-08-21 00:00:00+00:00
[2026-08-21T13:39:10.026+0000] {processor.py:208} INFO - Processing /opt/airflow/dags/first_dag.py took 0.380 seconds
[2026-08-21T13:39:40.352+0000] {processor.py:186} INFO - Started process (PID=264) to work on /opt/airflow/dags/first_dag.py
[2026-08-21T13:39:40.355+0000] {processor.py:914} INFO - Processing file /opt/airflow/dags/first_dag.py for tasks to queue
[2026-08-21T13:39:40.361+0000] {logging_mixin.py:190} INFO - [2026-08-21T13:39:40.361+0000] {dagbag.py:588} INFO - Filling up the DagBag from /opt/airflow/dags/first_dag.py
[2026-08-21T13:39:40.388+0000] {processor.py:925} INFO - DAG(s) 'first_dag' retrieved from /opt/airflow/dags/first_dag.py
[2026-08-21T13:39:40.431+0000] {logging_mixin.py:190} INFO - [2026-08-21T13:39:40.431+0000] {dag.py:3239} INFO - Sync 1 DAGs
[2026-08-21T13:39:40.458+0000] {logging_mixin.py:190} INFO - [2026-08-21T13:39:40.457+0000] {dag.py:4180} INFO - Setting next_dagrun for first_dag to 2026-08-20 00:00:00+00:00, run_after=2026-08-21 00:00:00+00:00
[2026-08-21T13:39:40.478+0000] {processor.py:208} INFO - Processing /opt/airflow/dags/first_dag.py took 0.135 seconds
[2026-08-21T13:40:10.694+0000] {processor.py:186} INFO - Started process (PID=269) to work on /opt/airflow/dags/first_dag.py
[2026-08-21T13:40:10.696+0000] {processor.py:914} INFO - Processing file /opt/airflow/dags/first_dag.py for tasks to queue
[2026-08-21T13:40:10.700+0000] {logging_mixin.py:190} INFO - [2026-08-21T13:40:10.699+0000] {dagbag.py:588} INFO - Filling up the DagBag from /opt/airflow/dags/first_dag.py
[2026-08-21T13:40:10.729+0000] {processor.py:925} INFO - DAG(s) 'first_dag' retrieved from /opt/airflow/dags/first_dag.py
[2026-08-21T13:40:10.764+0000] {logging_mixin.py:190} INFO - [2026-08-21T13:40:10.763+0000] {dag.py:3239} INFO - Sync 1 DAGs
[2026-08-21T13:40:10.794+0000] {logging_mixin.py:190} INFO - [2026-08-21T13:40:10.793+0000] {dag.py:4180} INFO - Setting next_dagrun for first_dag to 2026-08-20 00:00:00+00:00, run_after=2026-08-21 00:00:00+00:00
[2026-08-21T13:40:10.823+0000] {processor.py:208} INFO - Processing /opt/airflow/dags/first_dag.py took 0.139 seconds
[2026-08-21T13:40:41.090+0000] {processor.py:186} INFO - Started process (PID=274) to work on /opt/airflow/dags/first_dag.py
[2026-08-21T13:40:41.092+0000] {processor.py:914} INFO - Processing file /opt/airflow/dags/first_dag.py for tasks to queue
[2026-08-21T13:40:41.096+0000] {logging_mixin.py:190} INFO - [2026-08-21T13:40:41.095+0000] {dagbag.py:588} INFO - Filling up the DagBag from /opt/airflow/dags/first_dag.py
[2026-08-21T13:40:41.122+0000] {processor.py:925} INFO - DAG(s) 'first_dag' retrieved from /opt/airflow/dags/first_dag.py
[2026-08-21T13:40:41.163+0000] {logging_mixin.py:190} INFO - [2026-08-21T13:40:41.162+0000] {dag.py:3239} INFO - Sync 1 DAGs
[2026-08-21T13:40:41.192+0000] {logging_mixin.py:190} INFO - [2026-08-21T13:40:41.192+0000] {dag.py:4180} INFO - Setting next_dagrun for first_dag to 2026-08-20 00:00:00+00:00, run_after=2026-08-21 00:00:00+00:00
[2026-08-21T13:40:41.216+0000] {processor.py:208} INFO - Processing /opt/airflow/dags/first_dag.py took 0.134 seconds
[2026-08-21T13:41:11.393+0000] {processor.py:186} INFO - Started process (PID=279) to work on /opt/airflow/dags/first_dag.py
[2026-08-21T13:41:11.395+0000] {processor.py:914} INFO - Processing file /opt/airflow/dags/first_dag.py for tasks to queue
[2026-08-21T13:41:11.400+0000] {logging_mixin.py:190} INFO - [2026-08-21T13:41:11.399+0000] {dagbag.py:588} INFO - Filling up the DagBag from /opt/airflow/dags/first_dag.py
[2026-08-21T13:41:11.425+0000] {processor.py:925} INFO - DAG(s) 'first_dag' retrieved from /opt/airflow/dags/first_dag.py
[2026-08-21T13:41:11.465+0000] {logging_mixin.py:190} INFO - [2026-08-21T13:41:11.465+0000] {dag.py:3239} INFO - Sync 1 DAGs
[2026-08-21T13:41:11.494+0000] {logging_mixin.py:190} INFO - [2026-08-21T13:41:11.494+0000] {dag.py:4180} INFO - Setting next_dagrun for first_dag to 2026-08-20 00:00:00+00:00, run_after=2026-08-21 00:00:00+00:00
[2026-08-21T13:41:11.518+0000] {processor.py:208} INFO - Processing /opt/airflow/dags/first_dag.py took 0.135 seconds
[2026-08-21T13:41:41.874+0000] {processor.py:186} INFO - Started process (PID=284) to work on /opt/airflow/dags/first_dag.py
[2026-08-21T13:41:41.876+0000] {processor.py:914} INFO - Processing file /opt/airflow/dags/first_dag.py for tasks to queue
[2026-08-21T13:41:41.880+0000] {logging_mixin.py:190} INFO - [2026-08-21T13:41:41.880+0000] {dagbag.py:588} INFO - Filling up the DagBag from /opt/airflow/dags/first_dag.py
[2026-08-21T13:41:41.908+0000] {processor.py:925} INFO - DAG(s) 'first_dag' retrieved from /opt/airflow/dags/first_dag.py
[2026-08-21T13:41:41.944+0000] {logging_mixin.py:190} INFO - [2026-08-21T13:41:41.943+0000] {dag.py:3239} INFO - Sync 1 DAGs
[2026-08-21T13:41:42.219+0000] {logging_mixin.py:190} INFO - [2026-08-21T13:41:42.219+0000] {dag.py:4180} INFO - Setting next_dagrun for first_dag to 2026-08-20 00:00:00+00:00, run_after=2026-08-21 00:00:00+00:00
[2026-08-21T13:41:42.245+0000] {processor.py:208} INFO - Processing /opt/airflow/dags/first_dag.py took 0.380 seconds
[2026-08-21T13:42:12.605+0000] {processor.py:186} INFO - Started process (PID=289) to work on /opt/airflow/dags/first_dag.py
[2026-08-21T13:42:12.606+0000] {processor.py:914} INFO - Processing file /opt/airflow/dags/first_dag.py for tasks to queue
[2026-08-21T13:42:12.609+0000] {logging_mixin.py:190} INFO - [2026-08-21T13:42:12.609+0000] {dagbag.py:588} INFO - Filling up the DagBag from /opt/airflow/dags/first_dag.py
[2026-08-21T13:42:12.630+0000] {processor.py:925} INFO - DAG(s) 'first_dag' retrieved from /opt/airflow/dags/first_dag.py
[2026-08-21T13:42:12.663+0000] {logging_mixin.py:190} INFO - [2026-08-21T13:42:12.663+0000] {dag.py:3239} INFO - Sync 1 DAGs
[2026-08-21T13:42:12.689+0000] {logging_mixin.py:190} INFO - [2026-08-21T13:42:12.689+0000] {dag.py:4180} INFO - Setting next_dagrun for first_dag to 2026-08-20 00:00:00+00:00, run_after=2026-08-21 00:00:00+00:00
[2026-08-21T13:42:12.716+0000] {processor.py:208} INFO - Processing /opt/airflow/dags/first_dag.py took 0.117 seconds
[2026-08-21T13:42:42.916+0000] {processor.py:186} INFO - Started process (PID=294) to work on /opt/airflow/dags/first_dag.py
[2026-08-21T13:42:42.917+0000] {processor.py:914} INFO - Processing file /opt/airflow/dags/first_dag.py for tasks to queue
[2026-08-21T13:42:42.921+0000] {logging_mixin.py:190} INFO - [2026-08-21T13:42:42.920+0000] {dagbag.py:588} INFO - Filling up the DagBag from /opt/airflow/dags/first_dag.py
[2026-08-21T13:42:42.946+0000] {processor.py:925} INFO - DAG(s) 'first_dag' retrieved from /opt/airflow/dags/first_dag.py
[2026-08-21T13:42:42.986+0000] {logging_mixin.py:190} INFO - [2026-08-21T13:42:42.986+0000] {dag.py:3239} INFO - Sync 1 DAGs
[2026-08-21T13:42:43.015+0000] {logging_mixin.py:190} INFO - [2026-08-21T13:42:43.015+0000] {dag.py:4180} INFO - Setting next_dagrun for first_dag to 2026-08-20 00:00:00+00:00, run_after=2026-08-21 00:00:00+00:00
[2026-08-21T13:42:43.063+0000] {processor.py:208} INFO - Processing /opt/airflow/dags/first_dag.py took 0.155 seconds
[2026-08-21T13:43:13.313+0000] {processor.py:186} INFO - Started process (PID=299) to work on /opt/airflow/dags/first_dag.py
[2026-08-21T13:43:13.315+0000] {processor.py:914} INFO - Processing file /opt/airflow/dags/first_dag.py for tasks to queue
[2026-08-21T13:43:13.319+0000] {logging_mixin.py:190} INFO - [2026-08-21T13:43:13.319+0000] {dagbag.py:588} INFO - Filling up the DagBag from /opt/airflow/dags/first_dag.py
[2026-08-21T13:43:13.344+0000] {processor.py:925} INFO - DAG(s) 'first_dag' retrieved from /opt/airflow/dags/first_dag.py
[2026-08-21T13:43:13.383+0000] {logging_mixin.py:190} INFO - [2026-08-21T13:43:13.382+0000] {dag.py:3239} INFO - Sync 1 DAGs
[2026-08-21T13:43:13.413+0000] {logging_mixin.py:190} INFO - [2026-08-21T13:43:13.412+0000] {dag.py:4180} INFO - Setting next_dagrun for first_dag to 2026-08-20 00:00:00+00:00, run_after=2026-08-21 00:00:00+00:00
[2026-08-21T13:43:13.442+0000] {processor.py:208} INFO - Processing /opt/airflow/dags/first_dag.py took 0.137 seconds
[2026-08-21T13:43:43.681+0000] {processor.py:186} INFO - Started process (PID=304) to work on /opt/airflow/dags/first_dag.py
[2026-08-21T13:43:43.683+0000] {processor.py:914} INFO - Processing file /opt/airflow/dags/first_dag.py for tasks to queue
[2026-08-21T13:43:43.687+0000] {logging_mixin.py:190} INFO - [2026-08-21T13:43:43.686+0000] {dagbag.py:588} INFO - Filling up the DagBag from /opt/airflow/dags/first_dag.py
[2026-08-21T13:43:43.706+0000] {processor.py:925} INFO - DAG(s) 'first_dag' retrieved from /opt/airflow/dags/first_dag.py
[2026-08-21T13:43:43.741+0000] {logging_mixin.py:190} INFO - [2026-08-21T13:43:43.740+0000] {dag.py:3239} INFO - Sync 1 DAGs
[2026-08-21T13:43:43.768+0000] {logging_mixin.py:190} INFO - [2026-08-21T13:43:43.768+0000] {dag.py:4180} INFO - Setting next_dagrun for first_dag to 2026-08-20 00:00:00+00:00, run_after=2026-08-21 00:00:00+00:00
[2026-08-21T13:43:43.790+0000] {processor.py:208} INFO - Processing /opt/airflow/dags/first_dag.py took 0.114 seconds
[2026-08-21T13:44:14.063+0000] {processor.py:186} INFO - Started process (PID=309) to work on /opt/airflow/dags/first_dag.py
[2026-08-21T13:44:14.064+0000] {processor.py:914} INFO - Processing file /opt/airflow/dags/first_dag.py for tasks to queue
[2026-08-21T13:44:14.067+0000] {logging_mixin.py:190} INFO - [2026-08-21T13:44:14.066+0000] {dagbag.py:588} INFO - Filling up the DagBag from /opt/airflow/dags/first_dag.py
[2026-08-21T13:44:14.088+0000] {processor.py:925} INFO - DAG(s) 'first_dag' retrieved from /opt/airflow/dags/first_dag.py
[2026-08-21T13:44:14.120+0000] {logging_mixin.py:190} INFO - [2026-08-21T13:44:14.120+0000] {dag.py:3239} INFO - Sync 1 DAGs
[2026-08-21T13:44:14.148+0000] {logging_mixin.py:190} INFO - [2026-08-21T13:44:14.148+0000] {dag.py:4180} INFO - Setting next_dagrun for first_dag to 2026-08-20 00:00:00+00:00, run_after=2026-08-21 00:00:00+00:00
[2026-08-21T13:44:14.368+0000] {processor.py:208} INFO - Processing /opt/airflow/dags/first_dag.py took 0.311 seconds
[2026-08-21T13:44:44.695+0000] {processor.py:186} INFO - Started process (PID=314) to work on /opt/airflow/dags/first_dag.py
[2026-08-21T13:44:44.698+0000] {processor.py:914} INFO - Processing file /opt/airflow/dags/first_dag.py for tasks to queue
[2026-08-21T13:44:44.702+0000] {logging_mixin.py:190} INFO - [2026-08-21T13:44:44.702+0000] {dagbag.py:588} INFO - Filling up the DagBag from /opt/airflow/dags/first_dag.py
[2026-08-21T13:44:44.726+0000] {processor.py:925} INFO - DAG(s) 'first_dag' retrieved from /opt/airflow/dags/first_dag.py
[2026-08-21T13:44:44.766+0000] {logging_mixin.py:190} INFO - [2026-08-21T13:44:44.765+0000] {dag.py:3239} INFO - Sync 1 DAGs
[2026-08-21T13:44:45.114+0000] {logging_mixin.py:190} INFO - [2026-08-21T13:44:45.113+0000] {dag.py:4180} INFO - Setting next_dagrun for first_dag to 2026-08-20 00:00:00+00:00, run_after=2026-08-21 00:00:00+00:00
[2026-08-21T13:44:45.134+0000] {processor.py:208} INFO - Processing /opt/airflow/dags/first_dag.py took 0.449 seconds
[2026-08-21T13:45:15.515+0000] {processor.py:186} INFO - Started process (PID=319) to work on /opt/airflow/dags/first_dag.py
[2026-08-21T13:45:15.517+0000] {processor.py:914} INFO - Processing file /opt/airflow/dags/first_dag.py for tasks to queue
[2026-08-21T13:45:15.523+0000] {logging_mixin.py:190} INFO - [2026-08-21T13:45:15.522+0000] {dagbag.py:588} INFO - Filling up the DagBag from /opt/airflow/dags/first_dag.py
[2026-08-21T13:45:15.544+0000] {processor.py:925} INFO - DAG(s) 'first_dag' retrieved from /opt/airflow/dags/first_dag.py
[2026-08-21T13:45:15.576+0000] {logging_mixin.py:190} INFO - [2026-08-21T13:45:15.576+0000] {dag.py:3239} INFO - Sync 1 DAGs
[2026-08-21T13:45:15.601+0000] {logging_mixin.py:190} INFO - [2026-08-21T13:45:15.601+0000] {dag.py:4180} INFO - Setting next_dagrun for first_dag to 2026-08-20 00:00:00+00:00, run_after=2026-08-21 00:00:00+00:00
[2026-08-21T13:45:15.622+0000] {processor.py:208} INFO - Processing /opt/airflow/dags/first_dag.py took 0.126 seconds
[2026-08-21T13:45:45.788+0000] {processor.py:186} INFO - Started process (PID=324) to work on /opt/airflow/dags/first_dag.py
[2026-08-21T13:45:45.789+0000] {processor.py:914} INFO - Processing file /opt/airflow/dags/first_dag.py for tasks to queue
[2026-08-21T13:45:45.793+0000] {logging_mixin.py:190} INFO - [2026-08-21T13:45:45.792+0000] {dagbag.py:588} INFO - Filling up the DagBag from /opt/airflow/dags/first_dag.py
[2026-08-21T13:45:45.820+0000] {processor.py:925} INFO - DAG(s) 'first_dag' retrieved from /opt/airflow/dags/first_dag.py
[2026-08-21T13:45:45.857+0000] {logging_mixin.py:190} INFO - [2026-08-21T13:45:45.857+0000] {dag.py:3239} INFO - Sync 1 DAGs
[2026-08-21T13:45:45.888+0000] {logging_mixin.py:190} INFO - [2026-08-21T13:45:45.887+0000] {dag.py:4180} INFO - Setting next_dagrun for first_dag to 2026-08-20 00:00:00+00:00, run_after=2026-08-21 00:00:00+00:00
[2026-08-21T13:45:45.913+0000] {processor.py:208} INFO - Processing /opt/airflow/dags/first_dag.py took 0.133 seconds
[2026-08-21T13:46:16.174+0000] {processor.py:186} INFO - Started process (PID=329) to work on /opt/airflow/dags/first_dag.py
[2026-08-21T13:46:16.176+0000] {processor.py:914} INFO - Processing file /opt/airflow/dags/first_dag.py for tasks to queue
[2026-08-21T13:46:16.180+0000] {logging_mixin.py:190} INFO - [2026-08-21T13:46:16.179+0000] {dagbag.py:588} INFO - Filling up the DagBag from /opt/airflow/dags/first_dag.py
[2026-08-21T13:46:16.209+0000] {processor.py:925} INFO - DAG(s) 'first_dag' retrieved from /opt/airflow/dags/first_dag.py
[2026-08-21T13:46:16.241+0000] {logging_mixin.py:190} INFO - [2026-08-21T13:46:16.241+0000] {dag.py:3239} INFO - Sync 1 DAGs
[2026-08-21T13:46:16.267+0000] {logging_mixin.py:190} INFO - [2026-08-21T13:46:16.267+0000] {dag.py:4180} INFO - Setting next_dagrun for first_dag to 2026-08-20 00:00:00+00:00, run_after=2026-08-21 00:00:00+00:00
[2026-08-21T13:46:16.291+0000] {processor.py:208} INFO - Processing /opt/airflow/dags/first_dag.py took 0.124 seconds
[2026-08-21T13:46:46.527+0000] {processor.py:186} INFO - Started process (PID=334) to work on /opt/airflow/dags/first_dag.py
[2026-08-21T13:46:46.529+0000] {processor.py:914} INFO - Processing file /opt/airflow/dags/first_dag.py for tasks to queue
[2026-08-21T13:46:46.532+0000] {logging_mixin.py:190} INFO - [2026-08-21T13:46:46.532+0000] {dagbag.py:588} INFO - Filling up the DagBag from /opt/airflow/dags/first_dag.py
[2026-08-21T13:46:46.554+0000] {processor.py:925} INFO - DAG(s) 'first_dag' retrieved from /opt/airflow/dags/first_dag.py
[2026-08-21T13:46:46.599+0000] {logging_mixin.py:190} INFO - [2026-08-21T13:46:46.599+0000] {dag.py:3239} INFO - Sync 1 DAGs
[2026-08-21T13:46:46.628+0000] {logging_mixin.py:190} INFO - [2026-08-21T13:46:46.628+0000] {dag.py:4180} INFO - Setting next_dagrun for first_dag to 2026-08-20 00:00:00+00:00, run_after=2026-08-21 00:00:00+00:00
[2026-08-21T13:46:46.654+0000] {processor.py:208} INFO - Processing /opt/airflow/dags/first_dag.py took 0.136 seconds
[2026-08-21T13:47:16.931+0000] {processor.py:186} INFO - Started process (PID=339) to work on /opt/airflow/dags/first_dag.py
[2026-08-21T13:47:16.932+0000] {processor.py:914} INFO - Processing file /opt/airflow/dags/first_dag.py for tasks to queue
[2026-08-21T13:47:16.936+0000] {logging_mixin.py:190} INFO - [2026-08-21T13:47:16.936+0000] {dagbag.py:588} INFO - Filling up the DagBag from /opt/airflow/dags/first_dag.py
[2026-08-21T13:47:16.957+0000] {processor.py:925} INFO - DAG(s) 'first_dag' retrieved from /opt/airflow/dags/first_dag.py
[2026-08-21T13:47:16.994+0000] {logging_mixin.py:190} INFO - [2026-08-21T13:47:16.993+0000] {dag.py:3239} INFO - Sync 1 DAGs
[2026-08-21T13:47:17.029+0000] {logging_mixin.py:190} INFO - [2026-08-21T13:47:17.028+0000] {dag.py:4180} INFO - Setting next_dagrun for first_dag to 2026-08-20 00:00:00+00:00, run_after=2026-08-21 00:00:00+00:00
[2026-08-21T13:47:17.235+0000] {processor.py:208} INFO - Processing /opt/airflow/dags/first_dag.py took 0.310 seconds
[2026-08-21T13:47:47.581+0000] {processor.py:186} INFO - Started process (PID=344) to work on /opt/airflow/dags/first_dag.py
[2026-08-21T13:47:47.583+0000] {processor.py:914} INFO - Processing file /opt/airflow/dags/first_dag.py for tasks to queue
[2026-08-21T13:47:47.586+0000] {logging_mixin.py:190} INFO - [2026-08-21T13:47:47.586+0000] {dagbag.py:588} INFO - Filling up the DagBag from /opt/airflow/dags/first_dag.py
[2026-08-21T13:47:47.607+0000] {processor.py:925} INFO - DAG(s) 'first_dag' retrieved from /opt/airflow/dags/first_dag.py
[2026-08-21T13:47:47.636+0000] {logging_mixin.py:190} INFO - [2026-08-21T13:47:47.636+0000] {dag.py:3239} INFO - Sync 1 DAGs
[2026-08-21T13:47:47.825+0000] {logging_mixin.py:190} INFO - [2026-08-21T13:47:47.824+0000] {dag.py:4180} INFO - Setting next_dagrun for first_dag to 2026-08-20 00:00:00+00:00, run_after=2026-08-21 00:00:00+00:00
[2026-08-21T13:47:47.847+0000] {processor.py:208} INFO - Processing /opt/airflow/dags/first_dag.py took 0.272 seconds
[2026-08-21T13:48:17.910+0000] {processor.py:186} INFO - Started process (PID=349) to work on /opt/airflow/dags/first_dag.py
[2026-08-21T13:48:17.912+0000] {processor.py:914} INFO - Processing file /opt/airflow/dags/first_dag.py for tasks to queue
[2026-08-21T13:48:17.916+0000] {logging_mixin.py:190} INFO - [2026-08-21T13:48:17.916+0000] {dagbag.py:588} INFO - Filling up the DagBag from /opt/airflow/dags/first_dag.py
[2026-08-21T13:48:17.939+0000] {processor.py:925} INFO - DAG(s) 'first_dag' retrieved from /opt/airflow/dags/first_dag.py
[2026-08-21T13:48:17.978+0000] {logging_mixin.py:190} INFO - [2026-08-21T13:48:17.978+0000] {dag.py:3239} INFO - Sync 1 DAGs
[2026-08-21T13:48:18.005+0000] {logging_mixin.py:190} INFO - [2026-08-21T13:48:18.005+0000] {dag.py:4180} INFO - Setting next_dagrun for first_dag to 2026-08-20 00:00:00+00:00, run_after=2026-08-21 00:00:00+00:00
[2026-08-21T13:48:18.026+0000] {processor.py:208} INFO - Processing /opt/airflow/dags/first_dag.py took 0.124 seconds
[2026-08-21T13:48:48.268+0000] {processor.py:186} INFO - Started process (PID=354) to work on /opt/airflow/dags/first_dag.py
[2026-08-21T13:48:48.270+0000] {processor.py:914} INFO - Processing file /opt/airflow/dags/first_dag.py for tasks to queue
[2026-08-21T13:48:48.274+0000] {logging_mixin.py:190} INFO - [2026-08-21T13:48:48.273+0000] {dagbag.py:588} INFO - Filling up the DagBag from /opt/airflow/dags/first_dag.py
[2026-08-21T13:48:48.300+0000] {processor.py:925} INFO - DAG(s) 'first_dag' retrieved from /opt/airflow/dags/first_dag.py
[2026-08-21T13:48:48.336+0000] {logging_mixin.py:190} INFO - [2026-08-21T13:48:48.336+0000] {dag.py:3239} INFO - Sync 1 DAGs
[2026-08-21T13:48:48.363+0000] {logging_mixin.py:190} INFO - [2026-08-21T13:48:48.363+0000] {dag.py:4180} INFO - Setting next_dagrun for first_dag to 2026-08-20 00:00:00+00:00, run_after=2026-08-21 00:00:00+00:00
[2026-08-21T13:48:48.386+0000] {processor.py:208} INFO - Processing /opt/airflow/dags/first_dag.py took 0.126 seconds
[2026-08-21T13:49:18.574+0000] {processor.py:186} INFO - Started process (PID=359) to work on /opt/airflow/dags/first_dag.py
[2026-08-21T13:49:18.576+0000] {processor.py:914} INFO - Processing file /opt/airflow/dags/first_dag.py for tasks to queue
[2026-08-21T13:49:18.580+0000] {logging_mixin.py:190} INFO - [2026-08-21T13:49:18.580+0000] {dagbag.py:588} INFO - Filling up the DagBag from /opt/airflow/dags/first_dag.py
[2026-08-21T13:49:18.606+0000] {processor.py:925} INFO - DAG(s) 'first_dag' retrieved from /opt/airflow/dags/first_dag.py
[2026-08-21T13:49:18.644+0000] {logging_mixin.py:190} INFO - [2026-08-21T13:49:18.644+0000] {dag.py:3239} INFO - Sync 1 DAGs
[2026-08-21T13:49:18.674+0000] {logging_mixin.py:190} INFO - [2026-08-21T13:49:18.673+0000] {dag.py:4180} INFO - Setting next_dagrun for first_dag to 2026-08-20 00:00:00+00:00, run_after=2026-08-21 00:00:00+00:00
[2026-08-21T13:49:18.701+0000] {processor.py:208} INFO - Processing /opt/airflow/dags/first_dag.py took 0.134 seconds
[2026-08-21T13:49:49.001+0000] {processor.py:186} INFO - Started process (PID=364) to work on /opt/airflow/dags/first_dag.py
[2026-08-21T13:49:49.003+0000] {processor.py:914} INFO - Processing file /opt/airflow/dags/first_dag.py for tasks to queue
[2026-08-21T13:49:49.007+0000] {logging_mixin.py:190} INFO - [2026-08-21T13:49:49.007+0000] {dagbag.py:588} INFO - Filling up the DagBag from /opt/airflow/dags/first_dag.py
[2026-08-21T13:49:49.027+0000] {processor.py:925} INFO - DAG(s) 'first_dag' retrieved from /opt/airflow/dags/first_dag.py
[2026-08-21T13:49:49.059+0000] {logging_mixin.py:190} INFO - [2026-08-21T13:49:49.059+0000] {dag.py:3239} INFO - Sync 1 DAGs
[2026-08-21T13:49:49.085+0000] {logging_mixin.py:190} INFO - [2026-08-21T13:49:49.085+0000] {dag.py:4180} INFO - Setting next_dagrun for first_dag to 2026-08-20 00:00:00+00:00, run_after=2026-08-21 00:00:00+00:00
[2026-08-21T13:49:49.108+0000] {processor.py:208} INFO - Processing /opt/airflow/dags/first_dag.py took 0.114 seconds
[2026-08-21T13:50:19.321+0000] {processor.py:186} INFO - Started process (PID=369) to work on /opt/airflow/dags/first_dag.py
[2026-08-21T13:50:19.323+0000] {processor.py:914} INFO - Processing file /opt/airflow/dags/first_dag.py for tasks to queue
[2026-08-21T13:50:19.326+0000] {logging_mixin.py:190} INFO - [2026-08-21T13:50:19.326+0000] {dagbag.py:588} INFO - Filling up the DagBag from /opt/airflow/dags/first_dag.py
[2026-08-21T13:50:19.351+0000] {processor.py:925} INFO - DAG(s) 'first_dag' retrieved from /opt/airflow/dags/first_dag.py
[2026-08-21T13:50:19.387+0000] {logging_mixin.py:190} INFO - [2026-08-21T13:50:19.386+0000] {dag.py:3239} INFO - Sync 1 DAGs
[2026-08-21T13:50:19.605+0000] {logging_mixin.py:190} INFO - [2026-08-21T13:50:19.605+0000] {dag.py:4180} INFO - Setting next_dagrun for first_dag to 2026-08-20 00:00:00+00:00, run_after=2026-08-21 00:00:00+00:00
[2026-08-21T13:50:19.630+0000] {processor.py:208} INFO - Processing /opt/airflow/dags/first_dag.py took 0.316 seconds
[2026-08-21T13:50:49.786+0000] {processor.py:186} INFO - Started process (PID=374) to work on /opt/airflow/dags/first_dag.py
[2026-08-21T13:50:49.789+0000] {processor.py:914} INFO - Processing file /opt/airflow/dags/first_dag.py for tasks to queue
[2026-08-21T13:50:49.798+0000] {logging_mixin.py:190} INFO - [2026-08-21T13:50:49.796+0000] {dagbag.py:588} INFO - Filling up the DagBag from /opt/airflow/dags/first_dag.py
[2026-08-21T13:50:49.826+0000] {processor.py:925} INFO - DAG(s) 'first_dag' retrieved from /opt/airflow/dags/first_dag.py
[2026-08-21T13:50:49.862+0000] {logging_mixin.py:190} INFO - [2026-08-21T13:50:49.862+0000] {dag.py:3239} INFO - Sync 1 DAGs
[2026-08-21T13:50:49.889+0000] {logging_mixin.py:190} INFO - [2026-08-21T13:50:49.889+0000] {dag.py:4180} INFO - Setting next_dagrun for first_dag to 2026-08-20 00:00:00+00:00, run_after=2026-08-21 00:00:00+00:00
[2026-08-21T13:50:49.912+0000] {processor.py:208} INFO - Processing /opt/airflow/dags/first_dag.py took 0.137 seconds
[2026-08-21T13:51:20.115+0000] {processor.py:186} INFO - Started process (PID=379) to work on /opt/airflow/dags/first_dag.py
[2026-08-21T13:51:20.116+0000] {processor.py:914} INFO - Processing file /opt/airflow/dags/first_dag.py for tasks to queue
[2026-08-21T13:51:20.120+0000] {logging_mixin.py:190} INFO - [2026-08-21T13:51:20.120+0000] {dagbag.py:588} INFO - Filling up the DagBag from /opt/airflow/dags/first_dag.py
[2026-08-21T13:51:20.144+0000] {processor.py:925} INFO - DAG(s) 'first_dag' retrieved from /opt/airflow/dags/first_dag.py
[2026-08-21T13:51:20.180+0000] {logging_mixin.py:190} INFO - [2026-08-21T13:51:20.180+0000] {dag.py:3239} INFO - Sync 1 DAGs
[2026-08-21T13:51:20.208+0000] {logging_mixin.py:190} INFO - [2026-08-21T13:51:20.208+0000] {dag.py:4180} INFO - Setting next_dagrun for first_dag to 2026-08-20 00:00:00+00:00, run_after=2026-08-21 00:00:00+00:00
[2026-08-21T13:51:20.232+0000] {processor.py:208} INFO - Processing /opt/airflow/dags/first_dag.py took 0.123 seconds
[2026-08-21T13:51:50.515+0000] {processor.py:186} INFO - Started process (PID=384) to work on /opt/airflow/dags/first_dag.py
[2026-08-21T13:51:50.517+0000] {processor.py:914} INFO - Processing file /opt/airflow/dags/first_dag.py for tasks to queue
[2026-08-21T13:51:50.522+0000] {logging_mixin.py:190} INFO - [2026-08-21T13:51:50.521+0000] {dagbag.py:588} INFO - Filling up the DagBag from /opt/airflow/dags/first_dag.py
[2026-08-21T13:51:50.545+0000] {processor.py:925} INFO - DAG(s) 'first_dag' retrieved from /opt/airflow/dags/first_dag.py
[2026-08-21T13:51:50.579+0000] {logging_mixin.py:190} INFO - [2026-08-21T13:51:50.578+0000] {dag.py:3239} INFO - Sync 1 DAGs
[2026-08-21T13:51:50.606+0000] {logging_mixin.py:190} INFO - [2026-08-21T13:51:50.606+0000] {dag.py:4180} INFO - Setting next_dagrun for first_dag to 2026-08-20 00:00:00+00:00, run_after=2026-08-21 00:00:00+00:00
[2026-08-21T13:51:50.630+0000] {processor.py:208} INFO - Processing /opt/airflow/dags/first_dag.py took 0.125 seconds
[2026-08-21T13:52:20.847+0000] {processor.py:186} INFO - Started process (PID=389) to work on /opt/airflow/dags/first_dag.py
[2026-08-21T13:52:20.849+0000] {processor.py:914} INFO - Processing file /opt/airflow/dags/first_dag.py for tasks to queue
[2026-08-21T13:52:20.853+0000] {logging_mixin.py:190} INFO - [2026-08-21T13:52:20.853+0000] {dagbag.py:588} INFO - Filling up the DagBag from /opt/airflow/dags/first_dag.py
[2026-08-21T13:52:20.875+0000] {processor.py:925} INFO - DAG(s) 'first_dag' retrieved from /opt/airflow/dags/first_dag.py
[2026-08-21T13:52:20.907+0000] {logging_mixin.py:190} INFO - [2026-08-21T13:52:20.907+0000] {dag.py:3239} INFO - Sync 1 DAGs
[2026-08-21T13:52:20.933+0000] {logging_mixin.py:190} INFO - [2026-08-21T13:52:20.933+0000] {dag.py:4180} INFO - Setting next_dagrun for first_dag to 2026-08-20 00:00:00+00:00, run_after=2026-08-21 00:00:00+00:00
[2026-08-21T13:52:20.956+0000] {processor.py:208} INFO - Processing /opt/airflow/dags/first_dag.py took 0.117 seconds
[2026-08-21T13:52:51.249+0000] {processor.py:186} INFO - Started process (PID=394) to work on /opt/airflow/dags/first_dag.py
[2026-08-21T13:52:51.251+0000] {processor.py:914} INFO - Processing file /opt/airflow/dags/first_dag.py for tasks to queue
[2026-08-21T13:52:51.255+0000] {logging_mixin.py:190} INFO - [2026-08-21T13:52:51.255+0000] {dagbag.py:588} INFO - Filling up the DagBag from /opt/airflow/dags/first_dag.py
[2026-08-21T13:52:51.281+0000] {processor.py:925} INFO - DAG(s) 'first_dag' retrieved from /opt/airflow/dags/first_dag.py
[2026-08-21T13:52:51.315+0000] {logging_mixin.py:190} INFO - [2026-08-21T13:52:51.314+0000] {dag.py:3239} INFO - Sync 1 DAGs
[2026-08-21T13:52:51.342+0000] {logging_mixin.py:190} INFO - [2026-08-21T13:52:51.341+0000] {dag.py:4180} INFO - Setting next_dagrun for first_dag to 2026-08-20 00:00:00+00:00, run_after=2026-08-21 00:00:00+00:00
[2026-08-21T13:52:51.569+0000] {processor.py:208} INFO - Processing /opt/airflow/dags/first_dag.py took 0.327 seconds
[2026-08-21T13:53:21.877+0000] {processor.py:186} INFO - Started process (PID=399) to work on /opt/airflow/dags/first_dag.py
[2026-08-21T13:53:21.879+0000] {processor.py:914} INFO - Processing file /opt/airflow/dags/first_dag.py for tasks to queue
[2026-08-21T13:53:21.882+0000] {logging_mixin.py:190} INFO - [2026-08-21T13:53:21.882+0000] {dagbag.py:588} INFO - Filling up the DagBag from /opt/airflow/dags/first_dag.py
[2026-08-21T13:53:21.908+0000] {processor.py:925} INFO - DAG(s) 'first_dag' retrieved from /opt/airflow/dags/first_dag.py
[2026-08-21T13:53:21.942+0000] {logging_mixin.py:190} INFO - [2026-08-21T13:53:21.942+0000] {dag.py:3239} INFO - Sync 1 DAGs
[2026-08-21T13:53:22.166+0000] {logging_mixin.py:190} INFO - [2026-08-21T13:53:22.166+0000] {dag.py:4180} INFO - Setting next_dagrun for first_dag to 2026-08-20 00:00:00+00:00, run_after=2026-08-21 00:00:00+00:00
[2026-08-21T13:53:22.193+0000] {processor.py:208} INFO - Processing /opt/airflow/dags/first_dag.py took 0.323 seconds
[2026-08-21T13:53:52.557+0000] {processor.py:186} INFO - Started process (PID=404) to work on /opt/airflow/dags/first_dag.py
[2026-08-21T13:53:52.558+0000] {processor.py:914} INFO - Processing file /opt/airflow/dags/first_dag.py for tasks to queue
[2026-08-21T13:53:52.562+0000] {logging_mixin.py:190} INFO - [2026-08-21T13:53:52.561+0000] {dagbag.py:588} INFO - Filling up the DagBag from /opt/airflow/dags/first_dag.py
[2026-08-21T13:53:52.583+0000] {processor.py:925} INFO - DAG(s) 'first_dag' retrieved from /opt/airflow/dags/first_dag.py
[2026-08-21T13:53:52.612+0000] {logging_mixin.py:190} INFO - [2026-08-21T13:53:52.611+0000] {dag.py:3239} INFO - Sync 1 DAGs
[2026-08-21T13:53:52.634+0000] {logging_mixin.py:190} INFO - [2026-08-21T13:53:52.634+0000] {dag.py:4180} INFO - Setting next_dagrun for first_dag to 2026-08-20 00:00:00+00:00, run_after=2026-08-21 00:00:00+00:00
[2026-08-21T13:53:52.657+0000] {processor.py:208} INFO - Processing /opt/airflow/dags/first_dag.py took 0.106 seconds
[2026-08-21T13:54:22.863+0000] {processor.py:186} INFO - Started process (PID=409) to work on /opt/airflow/dags/first_dag.py
[2026-08-21T13:54:22.865+0000] {processor.py:914} INFO - Processing file /opt/airflow/dags/first_dag.py for tasks to queue
[2026-08-21T13:54:22.868+0000] {logging_mixin.py:190} INFO - [2026-08-21T13:54:22.868+0000] {dagbag.py:588} INFO - Filling up the DagBag from /opt/airflow/dags/first_dag.py
[2026-08-21T13:54:22.888+0000] {processor.py:925} INFO - DAG(s) 'first_dag' retrieved from /opt/airflow/dags/first_dag.py
[2026-08-21T13:54:22.927+0000] {logging_mixin.py:190} INFO - [2026-08-21T13:54:22.926+0000] {dag.py:3239} INFO - Sync 1 DAGs
[2026-08-21T13:54:22.952+0000] {logging_mixin.py:190} INFO - [2026-08-21T13:54:22.952+0000] {dag.py:4180} INFO - Setting next_dagrun for first_dag to 2026-08-20 00:00:00+00:00, run_after=2026-08-21 00:00:00+00:00
[2026-08-21T13:54:22.984+0000] {processor.py:208} INFO - Processing /opt/airflow/dags/first_dag.py took 0.128 seconds
[2026-08-21T13:54:53.230+0000] {processor.py:186} INFO - Started process (PID=414) to work on /opt/airflow/dags/first_dag.py
[2026-08-21T13:54:53.234+0000] {processor.py:914} INFO - Processing file /opt/airflow/dags/first_dag.py for tasks to queue
[2026-08-21T13:54:53.243+0000] {logging_mixin.py:190} INFO - [2026-08-21T13:54:53.242+0000] {dagbag.py:588} INFO - Filling up the DagBag from /opt/airflow/dags/first_dag.py
[2026-08-21T13:54:53.285+0000] {processor.py:925} INFO - DAG(s) 'first_dag' retrieved from /opt/airflow/dags/first_dag.py
[2026-08-21T13:54:53.342+0000] {logging_mixin.py:190} INFO - [2026-08-21T13:54:53.342+0000] {dag.py:3239} INFO - Sync 1 DAGs
[2026-08-21T13:54:53.389+0000] {logging_mixin.py:190} INFO - [2026-08-21T13:54:53.388+0000] {dag.py:4180} INFO - Setting next_dagrun for first_dag to 2026-08-20 00:00:00+00:00, run_after=2026-08-21 00:00:00+00:00
[2026-08-21T13:54:53.431+0000] {processor.py:208} INFO - Processing /opt/airflow/dags/first_dag.py took 0.223 seconds
[2026-08-21T13:55:23.549+0000] {processor.py:186} INFO - Started process (PID=419) to work on /opt/airflow/dags/first_dag.py
[2026-08-21T13:55:23.551+0000] {processor.py:914} INFO - Processing file /opt/airflow/dags/first_dag.py for tasks to queue
[2026-08-21T13:55:23.558+0000] {logging_mixin.py:190} INFO - [2026-08-21T13:55:23.557+0000] {dagbag.py:588} INFO - Filling up the DagBag from /opt/airflow/dags/first_dag.py
[2026-08-21T13:55:23.584+0000] {processor.py:925} INFO - DAG(s) 'first_dag' retrieved from /opt/airflow/dags/first_dag.py
[2026-08-21T13:55:23.630+0000] {logging_mixin.py:190} INFO - [2026-08-21T13:55:23.630+0000] {dag.py:3239} INFO - Sync 1 DAGs
[2026-08-21T13:55:23.669+0000] {logging_mixin.py:190} INFO - [2026-08-21T13:55:23.668+0000] {dag.py:4180} INFO - Setting next_dagrun for first_dag to 2026-08-20 00:00:00+00:00, run_after=2026-08-21 00:00:00+00:00
[2026-08-21T13:55:23.704+0000] {processor.py:208} INFO - Processing /opt/airflow/dags/first_dag.py took 0.165 seconds
[2026-08-21T13:55:54.025+0000] {processor.py:186} INFO - Started process (PID=424) to work on /opt/airflow/dags/first_dag.py
[2026-08-21T13:55:54.027+0000] {processor.py:914} INFO - Processing file /opt/airflow/dags/first_dag.py for tasks to queue
[2026-08-21T13:55:54.032+0000] {logging_mixin.py:190} INFO - [2026-08-21T13:55:54.031+0000] {dagbag.py:588} INFO - Filling up the DagBag from /opt/airflow/dags/first_dag.py
[2026-08-21T13:55:54.057+0000] {processor.py:925} INFO - DAG(s) 'first_dag' retrieved from /opt/airflow/dags/first_dag.py
[2026-08-21T13:55:54.089+0000] {logging_mixin.py:190} INFO - [2026-08-21T13:55:54.089+0000] {dag.py:3239} INFO - Sync 1 DAGs
[2026-08-21T13:55:54.117+0000] {logging_mixin.py:190} INFO - [2026-08-21T13:55:54.116+0000] {dag.py:4180} INFO - Setting next_dagrun for first_dag to 2026-08-20 00:00:00+00:00, run_after=2026-08-21 00:00:00+00:00
[2026-08-21T13:55:54.337+0000] {processor.py:208} INFO - Processing /opt/airflow/dags/first_dag.py took 0.321 seconds
[2026-08-21T13:56:24.743+0000] {processor.py:186} INFO - Started process (PID=429) to work on /opt/airflow/dags/first_dag.py
[2026-08-21T13:56:24.745+0000] {processor.py:914} INFO - Processing file /opt/airflow/dags/first_dag.py for tasks to queue
[2026-08-21T13:56:24.750+0000] {logging_mixin.py:190} INFO - [2026-08-21T13:56:24.749+0000] {dagbag.py:588} INFO - Filling up the DagBag from /opt/airflow/dags/first_dag.py
[2026-08-21T13:56:24.775+0000] {processor.py:925} INFO - DAG(s) 'first_dag' retrieved from /opt/airflow/dags/first_dag.py
[2026-08-21T13:56:24.814+0000] {logging_mixin.py:190} INFO - [2026-08-21T13:56:24.814+0000] {dag.py:3239} INFO - Sync 1 DAGs
[2026-08-21T13:56:25.040+0000] {logging_mixin.py:190} INFO - [2026-08-21T13:56:25.040+0000] {dag.py:4180} INFO - Setting next_dagrun for first_dag to 2026-08-20 00:00:00+00:00, run_after=2026-08-21 00:00:00+00:00
[2026-08-21T13:56:25.061+0000] {processor.py:208} INFO - Processing /opt/airflow/dags/first_dag.py took 0.331 seconds
[2026-08-21T13:56:55.420+0000] {processor.py:186} INFO - Started process (PID=434) to work on /opt/airflow/dags/first_dag.py
[2026-08-21T13:56:55.422+0000] {processor.py:914} INFO - Processing file /opt/airflow/dags/first_dag.py for tasks to queue
[2026-08-21T13:56:55.425+0000] {logging_mixin.py:190} INFO - [2026-08-21T13:56:55.425+0000] {dagbag.py:588} INFO - Filling up the DagBag from /opt/airflow/dags/first_dag.py
[2026-08-21T13:56:55.451+0000] {processor.py:925} INFO - DAG(s) 'first_dag' retrieved from /opt/airflow/dags/first_dag.py
[2026-08-21T13:56:55.495+0000] {logging_mixin.py:190} INFO - [2026-08-21T13:56:55.495+0000] {dag.py:3239} INFO - Sync 1 DAGs
[2026-08-21T13:56:55.533+0000] {logging_mixin.py:190} INFO - [2026-08-21T13:56:55.532+0000] {dag.py:4180} INFO - Setting next_dagrun for first_dag to 2026-08-20 00:00:00+00:00, run_after=2026-08-21 00:00:00+00:00
[2026-08-21T13:56:55.560+0000] {processor.py:208} INFO - Processing /opt/airflow/dags/first_dag.py took 0.147 seconds
[2026-08-21T13:57:25.733+0000] {processor.py:186} INFO - Started process (PID=439) to work on /opt/airflow/dags/first_dag.py
[2026-08-21T13:57:25.736+0000] {processor.py:914} INFO - Processing file /opt/airflow/dags/first_dag.py for tasks to queue
[2026-08-21T13:57:25.741+0000] {logging_mixin.py:190} INFO - [2026-08-21T13:57:25.741+0000] {dagbag.py:588} INFO - Filling up the DagBag from /opt/airflow/dags/first_dag.py
[2026-08-21T13:57:25.764+0000] {processor.py:925} INFO - DAG(s) 'first_dag' retrieved from /opt/airflow/dags/first_dag.py
[2026-08-21T13:57:25.805+0000] {logging_mixin.py:190} INFO - [2026-08-21T13:57:25.804+0000] {dag.py:3239} INFO - Sync 1 DAGs
[2026-08-21T13:57:25.850+0000] {logging_mixin.py:190} INFO - [2026-08-21T13:57:25.850+0000] {dag.py:4180} INFO - Setting next_dagrun for first_dag to 2026-08-20 00:00:00+00:00, run_after=2026-08-21 00:00:00+00:00
[2026-08-21T13:57:25.885+0000] {processor.py:208} INFO - Processing /opt/airflow/dags/first_dag.py took 0.163 seconds
[2026-08-21T13:57:56.176+0000] {processor.py:186} INFO - Started process (PID=444) to work on /opt/airflow/dags/first_dag.py
[2026-08-21T13:57:56.177+0000] {processor.py:914} INFO - Processing file /opt/airflow/dags/first_dag.py for tasks to queue
[2026-08-21T13:57:56.181+0000] {logging_mixin.py:190} INFO - [2026-08-21T13:57:56.180+0000] {dagbag.py:588} INFO - Filling up the DagBag from /opt/airflow/dags/first_dag.py
[2026-08-21T13:57:56.201+0000] {processor.py:925} INFO - DAG(s) 'first_dag' retrieved from /opt/airflow/dags/first_dag.py
[2026-08-21T13:57:56.239+0000] {logging_mixin.py:190} INFO - [2026-08-21T13:57:56.239+0000] {dag.py:3239} INFO - Sync 1 DAGs
[2026-08-21T13:57:56.269+0000] {logging_mixin.py:190} INFO - [2026-08-21T13:57:56.269+0000] {dag.py:4180} INFO - Setting next_dagrun for first_dag to 2026-08-20 00:00:00+00:00, run_after=2026-08-21 00:00:00+00:00
[2026-08-21T13:57:56.293+0000] {processor.py:208} INFO - Processing /opt/airflow/dags/first_dag.py took 0.125 seconds
[2026-08-21T13:58:26.453+0000] {processor.py:186} INFO - Started process (PID=449) to work on /opt/airflow/dags/first_dag.py
[2026-08-21T13:58:26.455+0000] {processor.py:914} INFO - Processing file /opt/airflow/dags/first_dag.py for tasks to queue
[2026-08-21T13:58:26.459+0000] {logging_mixin.py:190} INFO - [2026-08-21T13:58:26.458+0000] {dagbag.py:588} INFO - Filling up the DagBag from /opt/airflow/dags/first_dag.py
[2026-08-21T13:58:26.481+0000] {processor.py:925} INFO - DAG(s) 'first_dag' retrieved from /opt/airflow/dags/first_dag.py
[2026-08-21T13:58:26.513+0000] {logging_mixin.py:190} INFO - [2026-08-21T13:58:26.512+0000] {dag.py:3239} INFO - Sync 1 DAGs
[2026-08-21T13:58:26.539+0000] {logging_mixin.py:190} INFO - [2026-08-21T13:58:26.539+0000] {dag.py:4180} INFO - Setting next_dagrun for first_dag to 2026-08-20 00:00:00+00:00, run_after=2026-08-21 00:00:00+00:00
[2026-08-21T13:58:26.563+0000] {processor.py:208} INFO - Processing /opt/airflow/dags/first_dag.py took 0.116 seconds
[2026-08-21T13:58:56.792+0000] {processor.py:186} INFO - Started process (PID=454) to work on /opt/airflow/dags/first_dag.py
[2026-08-21T13:58:56.793+0000] {processor.py:914} INFO - Processing file /opt/airflow/dags/first_dag.py for tasks to queue
[2026-08-21T13:58:56.797+0000] {logging_mixin.py:190} INFO - [2026-08-21T13:58:56.797+0000] {dagbag.py:588} INFO - Filling up the DagBag from /opt/airflow/dags/first_dag.py
[2026-08-21T13:58:56.822+0000] {processor.py:925} INFO - DAG(s) 'first_dag' retrieved from /opt/airflow/dags/first_dag.py
[2026-08-21T13:58:56.855+0000] {logging_mixin.py:190} INFO - [2026-08-21T13:58:56.855+0000] {dag.py:3239} INFO - Sync 1 DAGs
[2026-08-21T13:58:57.055+0000] {logging_mixin.py:190} INFO - [2026-08-21T13:58:57.055+0000] {dag.py:4180} INFO - Setting next_dagrun for first_dag to 2026-08-20 00:00:00+00:00, run_after=2026-08-21 00:00:00+00:00
[2026-08-21T13:58:57.078+0000] {processor.py:208} INFO - Processing /opt/airflow/dags/first_dag.py took 0.294 seconds
[2026-08-21T13:59:27.158+0000] {processor.py:186} INFO - Started process (PID=459) to work on /opt/airflow/dags/first_dag.py
[2026-08-21T13:59:27.160+0000] {processor.py:914} INFO - Processing file /opt/airflow/dags/first_dag.py for tasks to queue
[2026-08-21T13:59:27.163+0000] {logging_mixin.py:190} INFO - [2026-08-21T13:59:27.163+0000] {dagbag.py:588} INFO - Filling up the DagBag from /opt/airflow/dags/first_dag.py
[2026-08-21T13:59:27.188+0000] {processor.py:925} INFO - DAG(s) 'first_dag' retrieved from /opt/airflow/dags/first_dag.py
[2026-08-21T13:59:27.219+0000] {logging_mixin.py:190} INFO - [2026-08-21T13:59:27.219+0000] {dag.py:3239} INFO - Sync 1 DAGs
[2026-08-21T13:59:27.410+0000] {logging_mixin.py:190} INFO - [2026-08-21T13:59:27.410+0000] {dag.py:4180} INFO - Setting next_dagrun for first_dag to 2026-08-20 00:00:00+00:00, run_after=2026-08-21 00:00:00+00:00
[2026-08-21T13:59:27.435+0000] {processor.py:208} INFO - Processing /opt/airflow/dags/first_dag.py took 0.284 seconds
[2026-08-21T13:59:57.687+0000] {processor.py:186} INFO - Started process (PID=464) to work on /opt/airflow/dags/first_dag.py
[2026-08-21T13:59:57.688+0000] {processor.py:914} INFO - Processing file /opt/airflow/dags/first_dag.py for tasks to queue
[2026-08-21T13:59:57.692+0000] {logging_mixin.py:190} INFO - [2026-08-21T13:59:57.691+0000] {dagbag.py:588} INFO - Filling up the DagBag from /opt/airflow/dags/first_dag.py
[2026-08-21T13:59:57.712+0000] {processor.py:925} INFO - DAG(s) 'first_dag' retrieved from /opt/airflow/dags/first_dag.py
[2026-08-21T13:59:57.749+0000] {logging_mixin.py:190} INFO - [2026-08-21T13:59:57.749+0000] {dag.py:3239} INFO - Sync 1 DAGs
[2026-08-21T13:59:57.776+0000] {logging_mixin.py:190} INFO - [2026-08-21T13:59:57.776+0000] {dag.py:4180} INFO - Setting next_dagrun for first_dag to 2026-08-20 00:00:00+00:00, run_after=2026-08-21 00:00:00+00:00
[2026-08-21T13:59:57.800+0000] {processor.py:208} INFO - Processing /opt/airflow/dags/first_dag.py took 0.120 seconds
[2026-08-21T14:00:28.020+0000] {processor.py:186} INFO - Started process (PID=469) to work on /opt/airflow/dags/first_dag.py
[2026-08-21T14:00:28.021+0000] {processor.py:914} INFO - Processing file /opt/airflow/dags/first_dag.py for tasks to queue
[2026-08-21T14:00:28.025+0000] {logging_mixin.py:190} INFO - [2026-08-21T14:00:28.025+0000] {dagbag.py:588} INFO - Filling up the DagBag from /opt/airflow/dags/first_dag.py
[2026-08-21T14:00:28.050+0000] {processor.py:925} INFO - DAG(s) 'first_dag' retrieved from /opt/airflow/dags/first_dag.py
[2026-08-21T14:00:28.083+0000] {logging_mixin.py:190} INFO - [2026-08-21T14:00:28.083+0000] {dag.py:3239} INFO - Sync 1 DAGs
[2026-08-21T14:00:28.109+0000] {logging_mixin.py:190} INFO - [2026-08-21T14:00:28.108+0000] {dag.py:4180} INFO - Setting next_dagrun for first_dag to 2026-08-20 00:00:00+00:00, run_after=2026-08-21 00:00:00+00:00
[2026-08-21T14:00:28.133+0000] {processor.py:208} INFO - Processing /opt/airflow/dags/first_dag.py took 0.122 seconds
[2026-08-21T14:00:58.338+0000] {processor.py:186} INFO - Started process (PID=474) to work on /opt/airflow/dags/first_dag.py
[2026-08-21T14:00:58.341+0000] {processor.py:914} INFO - Processing file /opt/airflow/dags/first_dag.py for tasks to queue
[2026-08-21T14:00:58.346+0000] {logging_mixin.py:190} INFO - [2026-08-21T14:00:58.345+0000] {dagbag.py:588} INFO - Filling up the DagBag from /opt/airflow/dags/first_dag.py
[2026-08-21T14:00:58.383+0000] {processor.py:925} INFO - DAG(s) 'first_dag' retrieved from /opt/airflow/dags/first_dag.py
[2026-08-21T14:00:58.433+0000] {logging_mixin.py:190} INFO - [2026-08-21T14:00:58.433+0000] {dag.py:3239} INFO - Sync 1 DAGs
[2026-08-21T14:00:58.477+0000] {logging_mixin.py:190} INFO - [2026-08-21T14:00:58.477+0000] {dag.py:4180} INFO - Setting next_dagrun for first_dag to 2026-08-20 00:00:00+00:00, run_after=2026-08-21 00:00:00+00:00
[2026-08-21T14:00:58.511+0000] {processor.py:208} INFO - Processing /opt/airflow/dags/first_dag.py took 0.186 seconds
[2026-08-21T14:01:28.802+0000] {processor.py:186} INFO - Started process (PID=479) to work on /opt/airflow/dags/first_dag.py
[2026-08-21T14:01:28.804+0000] {processor.py:914} INFO - Processing file /opt/airflow/dags/first_dag.py for tasks to queue
[2026-08-21T14:01:28.809+0000] {logging_mixin.py:190} INFO - [2026-08-21T14:01:28.808+0000] {dagbag.py:588} INFO - Filling up the DagBag from /opt/airflow/dags/first_dag.py
[2026-08-21T14:01:28.835+0000] {processor.py:925} INFO - DAG(s) 'first_dag' retrieved from /opt/airflow/dags/first_dag.py
[2026-08-21T14:01:28.874+0000] {logging_mixin.py:190} INFO - [2026-08-21T14:01:28.874+0000] {dag.py:3239} INFO - Sync 1 DAGs
[2026-08-21T14:01:28.919+0000] {logging_mixin.py:190} INFO - [2026-08-21T14:01:28.918+0000] {dag.py:4180} INFO - Setting next_dagrun for first_dag to 2026-08-20 00:00:00+00:00, run_after=2026-08-21 00:00:00+00:00
[2026-08-21T14:01:29.183+0000] {processor.py:208} INFO - Processing /opt/airflow/dags/first_dag.py took 0.396 seconds
[2026-08-21T14:01:59.506+0000] {processor.py:186} INFO - Started process (PID=484) to work on /opt/airflow/dags/first_dag.py
[2026-08-21T14:01:59.508+0000] {processor.py:914} INFO - Processing file /opt/airflow/dags/first_dag.py for tasks to queue
[2026-08-21T14:01:59.511+0000] {logging_mixin.py:190} INFO - [2026-08-21T14:01:59.511+0000] {dagbag.py:588} INFO - Filling up the DagBag from /opt/airflow/dags/first_dag.py
[2026-08-21T14:01:59.539+0000] {processor.py:925} INFO - DAG(s) 'first_dag' retrieved from /opt/airflow/dags/first_dag.py
[2026-08-21T14:01:59.575+0000] {logging_mixin.py:190} INFO - [2026-08-21T14:01:59.575+0000] {dag.py:3239} INFO - Sync 1 DAGs
[2026-08-21T14:01:59.831+0000] {logging_mixin.py:190} INFO - [2026-08-21T14:01:59.831+0000] {dag.py:4180} INFO - Setting next_dagrun for first_dag to 2026-08-20 00:00:00+00:00, run_after=2026-08-21 00:00:00+00:00
[2026-08-21T14:01:59.856+0000] {processor.py:208} INFO - Processing /opt/airflow/dags/first_dag.py took 0.360 seconds
[2026-08-21T14:02:30.174+0000] {processor.py:186} INFO - Started process (PID=489) to work on /opt/airflow/dags/first_dag.py
[2026-08-21T14:02:30.176+0000] {processor.py:914} INFO - Processing file /opt/airflow/dags/first_dag.py for tasks to queue
[2026-08-21T14:02:30.179+0000] {logging_mixin.py:190} INFO - [2026-08-21T14:02:30.178+0000] {dagbag.py:588} INFO - Filling up the DagBag from /opt/airflow/dags/first_dag.py
[2026-08-21T14:02:30.200+0000] {processor.py:925} INFO - DAG(s) 'first_dag' retrieved from /opt/airflow/dags/first_dag.py
[2026-08-21T14:02:30.237+0000] {logging_mixin.py:190} INFO - [2026-08-21T14:02:30.237+0000] {dag.py:3239} INFO - Sync 1 DAGs
[2026-08-21T14:02:30.439+0000] {logging_mixin.py:190} INFO - [2026-08-21T14:02:30.438+0000] {dag.py:4180} INFO - Setting next_dagrun for first_dag to 2026-08-20 00:00:00+00:00, run_after=2026-08-21 00:00:00+00:00
[2026-08-21T14:02:30.463+0000] {processor.py:208} INFO - Processing /opt/airflow/dags/first_dag.py took 0.295 seconds
[2026-08-21T14:03:01.038+0000] {processor.py:186} INFO - Started process (PID=494) to work on /opt/airflow/dags/first_dag.py
[2026-08-21T14:03:01.048+0000] {processor.py:914} INFO - Processing file /opt/airflow/dags/first_dag.py for tasks to queue
[2026-08-21T14:03:01.061+0000] {logging_mixin.py:190} INFO - [2026-08-21T14:03:01.060+0000] {dagbag.py:588} INFO - Filling up the DagBag from /opt/airflow/dags/first_dag.py
[2026-08-21T14:03:01.171+0000] {processor.py:925} INFO - DAG(s) 'first_dag' retrieved from /opt/airflow/dags/first_dag.py
[2026-08-21T14:03:01.347+0000] {logging_mixin.py:190} INFO - [2026-08-21T14:03:01.346+0000] {dag.py:3239} INFO - Sync 1 DAGs
[2026-08-21T14:03:01.470+0000] {logging_mixin.py:190} INFO - [2026-08-21T14:03:01.469+0000] {dag.py:4180} INFO - Setting next_dagrun for first_dag to 2026-08-20 00:00:00+00:00, run_after=2026-08-21 00:00:00+00:00
[2026-08-21T14:03:01.547+0000] {processor.py:208} INFO - Processing /opt/airflow/dags/first_dag.py took 0.547 seconds
[2026-08-21T14:03:31.866+0000] {processor.py:186} INFO - Started process (PID=500) to work on /opt/airflow/dags/first_dag.py
[2026-08-21T14:03:31.870+0000] {processor.py:914} INFO - Processing file /opt/airflow/dags/first_dag.py for tasks to queue
[2026-08-21T14:03:31.879+0000] {logging_mixin.py:190} INFO - [2026-08-21T14:03:31.879+0000] {dagbag.py:588} INFO - Filling up the DagBag from /opt/airflow/dags/first_dag.py
[2026-08-21T14:03:31.913+0000] {processor.py:925} INFO - DAG(s) 'first_dag' retrieved from /opt/airflow/dags/first_dag.py
[2026-08-21T14:03:31.970+0000] {logging_mixin.py:190} INFO - [2026-08-21T14:03:31.969+0000] {dag.py:3239} INFO - Sync 1 DAGs
[2026-08-21T14:03:32.021+0000] {logging_mixin.py:190} INFO - [2026-08-21T14:03:32.021+0000] {dag.py:4180} INFO - Setting next_dagrun for first_dag to 2026-08-20 00:00:00+00:00, run_after=2026-08-21 00:00:00+00:00
[2026-08-21T14:03:32.048+0000] {processor.py:208} INFO - Processing /opt/airflow/dags/first_dag.py took 0.197 seconds
[2026-08-21T14:04:02.171+0000] {processor.py:186} INFO - Started process (PID=505) to work on /opt/airflow/dags/first_dag.py
[2026-08-21T14:04:02.173+0000] {processor.py:914} INFO - Processing file /opt/airflow/dags/first_dag.py for tasks to queue
[2026-08-21T14:04:02.178+0000] {logging_mixin.py:190} INFO - [2026-08-21T14:04:02.178+0000] {dagbag.py:588} INFO - Filling up the DagBag from /opt/airflow/dags/first_dag.py
[2026-08-21T14:04:02.201+0000] {processor.py:925} INFO - DAG(s) 'first_dag' retrieved from /opt/airflow/dags/first_dag.py
[2026-08-21T14:04:02.237+0000] {logging_mixin.py:190} INFO - [2026-08-21T14:04:02.237+0000] {dag.py:3239} INFO - Sync 1 DAGs
[2026-08-21T14:04:02.268+0000] {logging_mixin.py:190} INFO - [2026-08-21T14:04:02.268+0000] {dag.py:4180} INFO - Setting next_dagrun for first_dag to 2026-08-20 00:00:00+00:00, run_after=2026-08-21 00:00:00+00:00
[2026-08-21T14:04:02.296+0000] {processor.py:208} INFO - Processing /opt/airflow/dags/first_dag.py took 0.133 seconds
[2026-08-21T14:04:32.542+0000] {processor.py:186} INFO - Started process (PID=510) to work on /opt/airflow/dags/first_dag.py
[2026-08-21T14:04:32.545+0000] {processor.py:914} INFO - Processing file /opt/airflow/dags/first_dag.py for tasks to queue
[2026-08-21T14:04:32.550+0000] {logging_mixin.py:190} INFO - [2026-08-21T14:04:32.549+0000] {dagbag.py:588} INFO - Filling up the DagBag from /opt/airflow/dags/first_dag.py
[2026-08-21T14:04:32.575+0000] {processor.py:925} INFO - DAG(s) 'first_dag' retrieved from /opt/airflow/dags/first_dag.py
[2026-08-21T14:04:32.615+0000] {logging_mixin.py:190} INFO - [2026-08-21T14:04:32.615+0000] {dag.py:3239} INFO - Sync 1 DAGs
[2026-08-21T14:04:32.661+0000] {logging_mixin.py:190} INFO - [2026-08-21T14:04:32.660+0000] {dag.py:4180} INFO - Setting next_dagrun for first_dag to 2026-08-20 00:00:00+00:00, run_after=2026-08-21 00:00:00+00:00
[2026-08-21T14:04:32.929+0000] {processor.py:208} INFO - Processing /opt/airflow/dags/first_dag.py took 0.398 seconds
[2026-08-21T14:05:03.244+0000] {processor.py:186} INFO - Started process (PID=515) to work on /opt/airflow/dags/first_dag.py
[2026-08-21T14:05:03.246+0000] {processor.py:914} INFO - Processing file /opt/airflow/dags/first_dag.py for tasks to queue
[2026-08-21T14:05:03.249+0000] {logging_mixin.py:190} INFO - [2026-08-21T14:05:03.248+0000] {dagbag.py:588} INFO - Filling up the DagBag from /opt/airflow/dags/first_dag.py
[2026-08-21T14:05:03.271+0000] {processor.py:925} INFO - DAG(s) 'first_dag' retrieved from /opt/airflow/dags/first_dag.py
[2026-08-21T14:05:03.307+0000] {logging_mixin.py:190} INFO - [2026-08-21T14:05:03.307+0000] {dag.py:3239} INFO - Sync 1 DAGs
[2026-08-21T14:05:03.592+0000] {logging_mixin.py:190} INFO - [2026-08-21T14:05:03.592+0000] {dag.py:4180} INFO - Setting next_dagrun for first_dag to 2026-08-20 00:00:00+00:00, run_after=2026-08-21 00:00:00+00:00
[2026-08-21T14:05:03.623+0000] {processor.py:208} INFO - Processing /opt/airflow/dags/first_dag.py took 0.409 seconds
[2026-08-21T14:05:33.966+0000] {processor.py:186} INFO - Started process (PID=520) to work on /opt/airflow/dags/first_dag.py
[2026-08-21T14:05:33.968+0000] {processor.py:914} INFO - Processing file /opt/airflow/dags/first_dag.py for tasks to queue
[2026-08-21T14:05:33.971+0000] {logging_mixin.py:190} INFO - [2026-08-21T14:05:33.970+0000] {dagbag.py:588} INFO - Filling up the DagBag from /opt/airflow/dags/first_dag.py
[2026-08-21T14:05:33.993+0000] {processor.py:925} INFO - DAG(s) 'first_dag' retrieved from /opt/airflow/dags/first_dag.py
[2026-08-21T14:05:34.031+0000] {logging_mixin.py:190} INFO - [2026-08-21T14:05:34.030+0000] {dag.py:3239} INFO - Sync 1 DAGs
[2026-08-21T14:05:34.061+0000] {logging_mixin.py:190} INFO - [2026-08-21T14:05:34.061+0000] {dag.py:4180} INFO - Setting next_dagrun for first_dag to 2026-08-20 00:00:00+00:00, run_after=2026-08-21 00:00:00+00:00
[2026-08-21T14:05:34.083+0000] {processor.py:208} INFO - Processing /opt/airflow/dags/first_dag.py took 0.123 seconds
[2026-08-21T14:06:04.237+0000] {processor.py:186} INFO - Started process (PID=525) to work on /opt/airflow/dags/first_dag.py
[2026-08-21T14:06:04.239+0000] {processor.py:914} INFO - Processing file /opt/airflow/dags/first_dag.py for tasks to queue
[2026-08-21T14:06:04.242+0000] {logging_mixin.py:190} INFO - [2026-08-21T14:06:04.242+0000] {dagbag.py:588} INFO - Filling up the DagBag from /opt/airflow/dags/first_dag.py
[2026-08-21T14:06:04.264+0000] {processor.py:925} INFO - DAG(s) 'first_dag' retrieved from /opt/airflow/dags/first_dag.py
[2026-08-21T14:06:04.297+0000] {logging_mixin.py:190} INFO - [2026-08-21T14:06:04.297+0000] {dag.py:3239} INFO - Sync 1 DAGs
[2026-08-21T14:06:04.326+0000] {logging_mixin.py:190} INFO - [2026-08-21T14:06:04.325+0000] {dag.py:4180} INFO - Setting next_dagrun for first_dag to 2026-08-20 00:00:00+00:00, run_after=2026-08-21 00:00:00+00:00
[2026-08-21T14:06:04.348+0000] {processor.py:208} INFO - Processing /opt/airflow/dags/first_dag.py took 0.119 seconds
[2026-08-21T14:06:34.653+0000] {processor.py:186} INFO - Started process (PID=530) to work on /opt/airflow/dags/first_dag.py
[2026-08-21T14:06:34.655+0000] {processor.py:914} INFO - Processing file /opt/airflow/dags/first_dag.py for tasks to queue
[2026-08-21T14:06:34.659+0000] {logging_mixin.py:190} INFO - [2026-08-21T14:06:34.659+0000] {dagbag.py:588} INFO - Filling up the DagBag from /opt/airflow/dags/first_dag.py
[2026-08-21T14:06:34.681+0000] {processor.py:925} INFO - DAG(s) 'first_dag' retrieved from /opt/airflow/dags/first_dag.py
[2026-08-21T14:06:34.714+0000] {logging_mixin.py:190} INFO - [2026-08-21T14:06:34.714+0000] {dag.py:3239} INFO - Sync 1 DAGs
[2026-08-21T14:06:34.743+0000] {logging_mixin.py:190} INFO - [2026-08-21T14:06:34.743+0000] {dag.py:4180} INFO - Setting next_dagrun for first_dag to 2026-08-20 00:00:00+00:00, run_after=2026-08-21 00:00:00+00:00
[2026-08-21T14:06:34.766+0000] {processor.py:208} INFO - Processing /opt/airflow/dags/first_dag.py took 0.120 seconds
[2026-08-21T14:07:05.006+0000] {processor.py:186} INFO - Started process (PID=535) to work on /opt/airflow/dags/first_dag.py
[2026-08-21T14:07:05.008+0000] {processor.py:914} INFO - Processing file /opt/airflow/dags/first_dag.py for tasks to queue
[2026-08-21T14:07:05.011+0000] {logging_mixin.py:190} INFO - [2026-08-21T14:07:05.011+0000] {dagbag.py:588} INFO - Filling up the DagBag from /opt/airflow/dags/first_dag.py
[2026-08-21T14:07:05.031+0000] {processor.py:925} INFO - DAG(s) 'first_dag' retrieved from /opt/airflow/dags/first_dag.py
[2026-08-21T14:07:05.064+0000] {logging_mixin.py:190} INFO - [2026-08-21T14:07:05.064+0000] {dag.py:3239} INFO - Sync 1 DAGs
[2026-08-21T14:07:05.090+0000] {logging_mixin.py:190} INFO - [2026-08-21T14:07:05.089+0000] {dag.py:4180} INFO - Setting next_dagrun for first_dag to 2026-08-20 00:00:00+00:00, run_after=2026-08-21 00:00:00+00:00
[2026-08-21T14:07:05.114+0000] {processor.py:208} INFO - Processing /opt/airflow/dags/first_dag.py took 0.115 seconds
[2026-08-21T14:07:35.351+0000] {processor.py:186} INFO - Started process (PID=540) to work on /opt/airflow/dags/first_dag.py
[2026-08-21T14:07:35.353+0000] {processor.py:914} INFO - Processing file /opt/airflow/dags/first_dag.py for tasks to queue
[2026-08-21T14:07:35.356+0000] {logging_mixin.py:190} INFO - [2026-08-21T14:07:35.355+0000] {dagbag.py:588} INFO - Filling up the DagBag from /opt/airflow/dags/first_dag.py
[2026-08-21T14:07:35.376+0000] {processor.py:925} INFO - DAG(s) 'first_dag' retrieved from /opt/airflow/dags/first_dag.py
[2026-08-21T14:07:35.405+0000] {logging_mixin.py:190} INFO - [2026-08-21T14:07:35.405+0000] {dag.py:3239} INFO - Sync 1 DAGs
[2026-08-21T14:07:35.580+0000] {logging_mixin.py:190} INFO - [2026-08-21T14:07:35.580+0000] {dag.py:4180} INFO - Setting next_dagrun for first_dag to 2026-08-20 00:00:00+00:00, run_after=2026-08-21 00:00:00+00:00
[2026-08-21T14:07:35.605+0000] {processor.py:208} INFO - Processing /opt/airflow/dags/first_dag.py took 0.260 seconds
[2026-08-21T14:08:05.926+0000] {processor.py:186} INFO - Started process (PID=545) to work on /opt/airflow/dags/first_dag.py
[2026-08-21T14:08:05.929+0000] {processor.py:914} INFO - Processing file /opt/airflow/dags/first_dag.py for tasks to queue
[2026-08-21T14:08:05.933+0000] {logging_mixin.py:190} INFO - [2026-08-21T14:08:05.933+0000] {dagbag.py:588} INFO - Filling up the DagBag from /opt/airflow/dags/first_dag.py
[2026-08-21T14:08:05.964+0000] {processor.py:925} INFO - DAG(s) 'first_dag' retrieved from /opt/airflow/dags/first_dag.py
[2026-08-21T14:08:06.010+0000] {logging_mixin.py:190} INFO - [2026-08-21T14:08:06.010+0000] {dag.py:3239} INFO - Sync 1 DAGs
[2026-08-21T14:08:06.249+0000] {logging_mixin.py:190} INFO - [2026-08-21T14:08:06.249+0000] {dag.py:4180} INFO - Setting next_dagrun for first_dag to 2026-08-20 00:00:00+00:00, run_after=2026-08-21 00:00:00+00:00
[2026-08-21T14:08:06.269+0000] {processor.py:208} INFO - Processing /opt/airflow/dags/first_dag.py took 0.351 seconds
[2026-08-21T14:08:36.658+0000] {processor.py:186} INFO - Started process (PID=550) to work on /opt/airflow/dags/first_dag.py
[2026-08-21T14:08:36.662+0000] {processor.py:914} INFO - Processing file /opt/airflow/dags/first_dag.py for tasks to queue
[2026-08-21T14:08:36.668+0000] {logging_mixin.py:190} INFO - [2026-08-21T14:08:36.667+0000] {dagbag.py:588} INFO - Filling up the DagBag from /opt/airflow/dags/first_dag.py
[2026-08-21T14:08:36.701+0000] {processor.py:925} INFO - DAG(s) 'first_dag' retrieved from /opt/airflow/dags/first_dag.py
[2026-08-21T14:08:36.739+0000] {logging_mixin.py:190} INFO - [2026-08-21T14:08:36.738+0000] {dag.py:3239} INFO - Sync 1 DAGs
[2026-08-21T14:08:36.766+0000] {logging_mixin.py:190} INFO - [2026-08-21T14:08:36.766+0000] {dag.py:4180} INFO - Setting next_dagrun for first_dag to 2026-08-20 00:00:00+00:00, run_after=2026-08-21 00:00:00+00:00
[2026-08-21T14:08:36.786+0000] {processor.py:208} INFO - Processing /opt/airflow/dags/first_dag.py took 0.146 seconds
[2026-08-21T14:09:06.987+0000] {processor.py:186} INFO - Started process (PID=555) to work on /opt/airflow/dags/first_dag.py
[2026-08-21T14:09:06.989+0000] {processor.py:914} INFO - Processing file /opt/airflow/dags/first_dag.py for tasks to queue
[2026-08-21T14:09:06.992+0000] {logging_mixin.py:190} INFO - [2026-08-21T14:09:06.991+0000] {dagbag.py:588} INFO - Filling up the DagBag from /opt/airflow/dags/first_dag.py
[2026-08-21T14:09:07.010+0000] {processor.py:925} INFO - DAG(s) 'first_dag' retrieved from /opt/airflow/dags/first_dag.py
[2026-08-21T14:09:07.037+0000] {logging_mixin.py:190} INFO - [2026-08-21T14:09:07.037+0000] {dag.py:3239} INFO - Sync 1 DAGs
[2026-08-21T14:09:07.062+0000] {logging_mixin.py:190} INFO - [2026-08-21T14:09:07.061+0000] {dag.py:4180} INFO - Setting next_dagrun for first_dag to 2026-08-20 00:00:00+00:00, run_after=2026-08-21 00:00:00+00:00
[2026-08-21T14:09:07.082+0000] {processor.py:208} INFO - Processing /opt/airflow/dags/first_dag.py took 0.101 seconds
[2026-08-21T14:09:37.362+0000] {processor.py:186} INFO - Started process (PID=560) to work on /opt/airflow/dags/first_dag.py
[2026-08-21T14:09:37.365+0000] {processor.py:914} INFO - Processing file /opt/airflow/dags/first_dag.py for tasks to queue
[2026-08-21T14:09:37.368+0000] {logging_mixin.py:190} INFO - [2026-08-21T14:09:37.368+0000] {dagbag.py:588} INFO - Filling up the DagBag from /opt/airflow/dags/first_dag.py
[2026-08-21T14:09:37.396+0000] {processor.py:925} INFO - DAG(s) 'first_dag' retrieved from /opt/airflow/dags/first_dag.py
[2026-08-21T14:09:37.433+0000] {logging_mixin.py:190} INFO - [2026-08-21T14:09:37.432+0000] {dag.py:3239} INFO - Sync 1 DAGs
[2026-08-21T14:09:37.462+0000] {logging_mixin.py:190} INFO - [2026-08-21T14:09:37.461+0000] {dag.py:4180} INFO - Setting next_dagrun for first_dag to 2026-08-20 00:00:00+00:00, run_after=2026-08-21 00:00:00+00:00
[2026-08-21T14:09:37.487+0000] {processor.py:208} INFO - Processing /opt/airflow/dags/first_dag.py took 0.132 seconds
[2026-08-21T14:10:07.668+0000] {processor.py:186} INFO - Started process (PID=565) to work on /opt/airflow/dags/first_dag.py
[2026-08-21T14:10:07.671+0000] {processor.py:914} INFO - Processing file /opt/airflow/dags/first_dag.py for tasks to queue
[2026-08-21T14:10:07.674+0000] {logging_mixin.py:190} INFO - [2026-08-21T14:10:07.674+0000] {dagbag.py:588} INFO - Filling up the DagBag from /opt/airflow/dags/first_dag.py
[2026-08-21T14:10:07.701+0000] {processor.py:925} INFO - DAG(s) 'first_dag' retrieved from /opt/airflow/dags/first_dag.py
[2026-08-21T14:10:07.733+0000] {logging_mixin.py:190} INFO - [2026-08-21T14:10:07.733+0000] {dag.py:3239} INFO - Sync 1 DAGs
[2026-08-21T14:10:07.761+0000] {logging_mixin.py:190} INFO - [2026-08-21T14:10:07.760+0000] {dag.py:4180} INFO - Setting next_dagrun for first_dag to 2026-08-20 00:00:00+00:00, run_after=2026-08-21 00:00:00+00:00
[2026-08-21T14:10:07.953+0000] {processor.py:208} INFO - Processing /opt/airflow/dags/first_dag.py took 0.293 seconds
[2026-08-21T14:10:38.084+0000] {processor.py:186} INFO - Started process (PID=570) to work on /opt/airflow/dags/first_dag.py
[2026-08-21T14:10:38.086+0000] {processor.py:914} INFO - Processing file /opt/airflow/dags/first_dag.py for tasks to queue
[2026-08-21T14:10:38.089+0000] {logging_mixin.py:190} INFO - [2026-08-21T14:10:38.089+0000] {dagbag.py:588} INFO - Filling up the DagBag from /opt/airflow/dags/first_dag.py
[2026-08-21T14:10:38.111+0000] {processor.py:925} INFO - DAG(s) 'first_dag' retrieved from /opt/airflow/dags/first_dag.py
[2026-08-21T14:10:38.142+0000] {logging_mixin.py:190} INFO - [2026-08-21T14:10:38.142+0000] {dag.py:3239} INFO - Sync 1 DAGs
[2026-08-21T14:10:38.344+0000] {logging_mixin.py:190} INFO - [2026-08-21T14:10:38.344+0000] {dag.py:4180} INFO - Setting next_dagrun for first_dag to 2026-08-20 00:00:00+00:00, run_after=2026-08-21 00:00:00+00:00
[2026-08-21T14:10:38.368+0000] {processor.py:208} INFO - Processing /opt/airflow/dags/first_dag.py took 0.292 seconds
[2026-08-21T14:11:08.521+0000] {processor.py:186} INFO - Started process (PID=575) to work on /opt/airflow/dags/first_dag.py
[2026-08-21T14:11:08.524+0000] {processor.py:914} INFO - Processing file /opt/airflow/dags/first_dag.py for tasks to queue
[2026-08-21T14:11:08.528+0000] {logging_mixin.py:190} INFO - [2026-08-21T14:11:08.528+0000] {dagbag.py:588} INFO - Filling up the DagBag from /opt/airflow/dags/first_dag.py
[2026-08-21T14:11:08.555+0000] {processor.py:925} INFO - DAG(s) 'first_dag' retrieved from /opt/airflow/dags/first_dag.py
[2026-08-21T14:11:08.592+0000] {logging_mixin.py:190} INFO - [2026-08-21T14:11:08.592+0000] {dag.py:3239} INFO - Sync 1 DAGs
[2026-08-21T14:11:08.834+0000] {logging_mixin.py:190} INFO - [2026-08-21T14:11:08.834+0000] {dag.py:4180} INFO - Setting next_dagrun for first_dag to 2026-08-20 00:00:00+00:00, run_after=2026-08-21 00:00:00+00:00
[2026-08-21T14:11:08.856+0000] {processor.py:208} INFO - Processing /opt/airflow/dags/first_dag.py took 0.345 seconds
[2026-08-21T14:11:39.060+0000] {processor.py:186} INFO - Started process (PID=580) to work on /opt/airflow/dags/first_dag.py
[2026-08-21T14:11:39.062+0000] {processor.py:914} INFO - Processing file /opt/airflow/dags/first_dag.py for tasks to queue
[2026-08-21T14:11:39.067+0000] {logging_mixin.py:190} INFO - [2026-08-21T14:11:39.066+0000] {dagbag.py:588} INFO - Filling up the DagBag from /opt/airflow/dags/first_dag.py
[2026-08-21T14:11:39.088+0000] {processor.py:925} INFO - DAG(s) 'first_dag' retrieved from /opt/airflow/dags/first_dag.py
[2026-08-21T14:11:39.125+0000] {logging_mixin.py:190} INFO - [2026-08-21T14:11:39.125+0000] {dag.py:3239} INFO - Sync 1 DAGs
[2026-08-21T14:11:39.165+0000] {logging_mixin.py:190} INFO - [2026-08-21T14:11:39.164+0000] {dag.py:4180} INFO - Setting next_dagrun for first_dag to 2026-08-20 00:00:00+00:00, run_after=2026-08-21 00:00:00+00:00
[2026-08-21T14:11:39.187+0000] {processor.py:208} INFO - Processing /opt/airflow/dags/first_dag.py took 0.135 seconds
[2026-08-21T14:12:09.477+0000] {processor.py:186} INFO - Started process (PID=585) to work on /opt/airflow/dags/first_dag.py
[2026-08-21T14:12:09.478+0000] {processor.py:914} INFO - Processing file /opt/airflow/dags/first_dag.py for tasks to queue
[2026-08-21T14:12:09.481+0000] {logging_mixin.py:190} INFO - [2026-08-21T14:12:09.481+0000] {dagbag.py:588} INFO - Filling up the DagBag from /opt/airflow/dags/first_dag.py
[2026-08-21T14:12:09.501+0000] {processor.py:925} INFO - DAG(s) 'first_dag' retrieved from /opt/airflow/dags/first_dag.py
[2026-08-21T14:12:09.527+0000] {logging_mixin.py:190} INFO - [2026-08-21T14:12:09.527+0000] {dag.py:3239} INFO - Sync 1 DAGs
[2026-08-21T14:12:09.550+0000] {logging_mixin.py:190} INFO - [2026-08-21T14:12:09.550+0000] {dag.py:4180} INFO - Setting next_dagrun for first_dag to 2026-08-20 00:00:00+00:00, run_after=2026-08-21 00:00:00+00:00
[2026-08-21T14:12:09.572+0000] {processor.py:208} INFO - Processing /opt/airflow/dags/first_dag.py took 0.101 seconds
[2026-08-21T14:12:39.800+0000] {processor.py:186} INFO - Started process (PID=590) to work on /opt/airflow/dags/first_dag.py
[2026-08-21T14:12:39.802+0000] {processor.py:914} INFO - Processing file /opt/airflow/dags/first_dag.py for tasks to queue
[2026-08-21T14:12:39.806+0000] {logging_mixin.py:190} INFO - [2026-08-21T14:12:39.805+0000] {dagbag.py:588} INFO - Filling up the DagBag from /opt/airflow/dags/first_dag.py
[2026-08-21T14:12:39.828+0000] {processor.py:925} INFO - DAG(s) 'first_dag' retrieved from /opt/airflow/dags/first_dag.py
[2026-08-21T14:12:39.868+0000] {logging_mixin.py:190} INFO - [2026-08-21T14:12:39.868+0000] {dag.py:3239} INFO - Sync 1 DAGs
[2026-08-21T14:12:39.893+0000] {logging_mixin.py:190} INFO - [2026-08-21T14:12:39.893+0000] {dag.py:4180} INFO - Setting next_dagrun for first_dag to 2026-08-20 00:00:00+00:00, run_after=2026-08-21 00:00:00+00:00
[2026-08-21T14:12:39.916+0000] {processor.py:208} INFO - Processing /opt/airflow/dags/first_dag.py took 0.123 seconds
[2026-08-21T14:13:10.207+0000] {processor.py:186} INFO - Started process (PID=595) to work on /opt/airflow/dags/first_dag.py
[2026-08-21T14:13:10.212+0000] {processor.py:914} INFO - Processing file /opt/airflow/dags/first_dag.py for tasks to queue
[2026-08-21T14:13:10.217+0000] {logging_mixin.py:190} INFO - [2026-08-21T14:13:10.217+0000] {dagbag.py:588} INFO - Filling up the DagBag from /opt/airflow/dags/first_dag.py
[2026-08-21T14:13:10.244+0000] {processor.py:925} INFO - DAG(s) 'first_dag' retrieved from /opt/airflow/dags/first_dag.py
[2026-08-21T14:13:10.286+0000] {logging_mixin.py:190} INFO - [2026-08-21T14:13:10.285+0000] {dag.py:3239} INFO - Sync 1 DAGs
[2026-08-21T14:13:10.317+0000] {logging_mixin.py:190} INFO - [2026-08-21T14:13:10.316+0000] {dag.py:4180} INFO - Setting next_dagrun for first_dag to 2026-08-20 00:00:00+00:00, run_after=2026-08-21 00:00:00+00:00
[2026-08-21T14:13:10.550+0000] {processor.py:208} INFO - Processing /opt/airflow/dags/first_dag.py took 0.356 seconds
[2026-08-21T14:13:40.866+0000] {processor.py:186} INFO - Started process (PID=600) to work on /opt/airflow/dags/first_dag.py
[2026-08-21T14:13:40.868+0000] {processor.py:914} INFO - Processing file /opt/airflow/dags/first_dag.py for tasks to queue
[2026-08-21T14:13:40.872+0000] {logging_mixin.py:190} INFO - [2026-08-21T14:13:40.872+0000] {dagbag.py:588} INFO - Filling up the DagBag from /opt/airflow/dags/first_dag.py
[2026-08-21T14:13:40.900+0000] {processor.py:925} INFO - DAG(s) 'first_dag' retrieved from /opt/airflow/dags/first_dag.py
[2026-08-21T14:13:40.941+0000] {logging_mixin.py:190} INFO - [2026-08-21T14:13:40.941+0000] {dag.py:3239} INFO - Sync 1 DAGs
[2026-08-21T14:13:41.168+0000] {logging_mixin.py:190} INFO - [2026-08-21T14:13:41.167+0000] {dag.py:4180} INFO - Setting next_dagrun for first_dag to 2026-08-20 00:00:00+00:00, run_after=2026-08-21 00:00:00+00:00
[2026-08-21T14:13:41.195+0000] {processor.py:208} INFO - Processing /opt/airflow/dags/first_dag.py took 0.340 seconds
[2026-08-21T14:14:11.495+0000] {processor.py:186} INFO - Started process (PID=605) to work on /opt/airflow/dags/first_dag.py
[2026-08-21T14:14:11.497+0000] {processor.py:914} INFO - Processing file /opt/airflow/dags/first_dag.py for tasks to queue
[2026-08-21T14:14:11.501+0000] {logging_mixin.py:190} INFO - [2026-08-21T14:14:11.501+0000] {dagbag.py:588} INFO - Filling up the DagBag from /opt/airflow/dags/first_dag.py
[2026-08-21T14:14:11.522+0000] {processor.py:925} INFO - DAG(s) 'first_dag' retrieved from /opt/airflow/dags/first_dag.py
[2026-08-21T14:14:11.569+0000] {logging_mixin.py:190} INFO - [2026-08-21T14:14:11.569+0000] {dag.py:3239} INFO - Sync 1 DAGs
[2026-08-21T14:14:11.598+0000] {logging_mixin.py:190} INFO - [2026-08-21T14:14:11.598+0000] {dag.py:4180} INFO - Setting next_dagrun for first_dag to 2026-08-20 00:00:00+00:00, run_after=2026-08-21 00:00:00+00:00
[2026-08-21T14:14:11.623+0000] {processor.py:208} INFO - Processing /opt/airflow/dags/first_dag.py took 0.136 seconds
[2026-08-21T14:14:41.817+0000] {processor.py:186} INFO - Started process (PID=610) to work on /opt/airflow/dags/first_dag.py
[2026-08-21T14:14:41.819+0000] {processor.py:914} INFO - Processing file /opt/airflow/dags/first_dag.py for tasks to queue
[2026-08-21T14:14:41.822+0000] {logging_mixin.py:190} INFO - [2026-08-21T14:14:41.822+0000] {dagbag.py:588} INFO - Filling up the DagBag from /opt/airflow/dags/first_dag.py
[2026-08-21T14:14:41.843+0000] {processor.py:925} INFO - DAG(s) 'first_dag' retrieved from /opt/airflow/dags/first_dag.py
[2026-08-21T14:14:41.874+0000] {logging_mixin.py:190} INFO - [2026-08-21T14:14:41.874+0000] {dag.py:3239} INFO - Sync 1 DAGs
[2026-08-21T14:14:41.900+0000] {logging_mixin.py:190} INFO - [2026-08-21T14:14:41.899+0000] {dag.py:4180} INFO - Setting next_dagrun for first_dag to 2026-08-20 00:00:00+00:00, run_after=2026-08-21 00:00:00+00:00
[2026-08-21T14:14:41.924+0000] {processor.py:208} INFO - Processing /opt/airflow/dags/first_dag.py took 0.113 seconds
[2026-08-21T14:15:12.150+0000] {processor.py:186} INFO - Started process (PID=615) to work on /opt/airflow/dags/first_dag.py
[2026-08-21T14:15:12.152+0000] {processor.py:914} INFO - Processing file /opt/airflow/dags/first_dag.py for tasks to queue
[2026-08-21T14:15:12.156+0000] {logging_mixin.py:190} INFO - [2026-08-21T14:15:12.155+0000] {dagbag.py:588} INFO - Filling up the DagBag from /opt/airflow/dags/first_dag.py
[2026-08-21T14:15:12.180+0000] {processor.py:925} INFO - DAG(s) 'first_dag' retrieved from /opt/airflow/dags/first_dag.py
[2026-08-21T14:15:12.213+0000] {logging_mixin.py:190} INFO - [2026-08-21T14:15:12.212+0000] {dag.py:3239} INFO - Sync 1 DAGs
[2026-08-21T14:15:12.241+0000] {logging_mixin.py:190} INFO - [2026-08-21T14:15:12.241+0000] {dag.py:4180} INFO - Setting next_dagrun for first_dag to 2026-08-20 00:00:00+00:00, run_after=2026-08-21 00:00:00+00:00
[2026-08-21T14:15:12.306+0000] {processor.py:208} INFO - Processing /opt/airflow/dags/first_dag.py took 0.164 seconds
[2026-08-21T14:15:42.510+0000] {processor.py:186} INFO - Started process (PID=620) to work on /opt/airflow/dags/first_dag.py
[2026-08-21T14:15:42.512+0000] {processor.py:914} INFO - Processing file /opt/airflow/dags/first_dag.py for tasks to queue
[2026-08-21T14:15:42.516+0000] {logging_mixin.py:190} INFO - [2026-08-21T14:15:42.515+0000] {dagbag.py:588} INFO - Filling up the DagBag from /opt/airflow/dags/first_dag.py
[2026-08-21T14:15:42.547+0000] {processor.py:925} INFO - DAG(s) 'first_dag' retrieved from /opt/airflow/dags/first_dag.py
[2026-08-21T14:15:42.581+0000] {logging_mixin.py:190} INFO - [2026-08-21T14:15:42.581+0000] {dag.py:3239} INFO - Sync 1 DAGs
[2026-08-21T14:15:42.608+0000] {logging_mixin.py:190} INFO - [2026-08-21T14:15:42.608+0000] {dag.py:4180} INFO - Setting next_dagrun for first_dag to 2026-08-20 00:00:00+00:00, run_after=2026-08-21 00:00:00+00:00
[2026-08-21T14:15:42.794+0000] {processor.py:208} INFO - Processing /opt/airflow/dags/first_dag.py took 0.291 seconds
[2026-08-21T14:16:12.900+0000] {processor.py:186} INFO - Started process (PID=625) to work on /opt/airflow/dags/first_dag.py
[2026-08-21T14:16:12.903+0000] {processor.py:914} INFO - Processing file /opt/airflow/dags/first_dag.py for tasks to queue
[2026-08-21T14:16:12.907+0000] {logging_mixin.py:190} INFO - [2026-08-21T14:16:12.907+0000] {dagbag.py:588} INFO - Filling up the DagBag from /opt/airflow/dags/first_dag.py
[2026-08-21T14:16:12.929+0000] {processor.py:925} INFO - DAG(s) 'first_dag' retrieved from /opt/airflow/dags/first_dag.py
[2026-08-21T14:16:12.961+0000] {logging_mixin.py:190} INFO - [2026-08-21T14:16:12.960+0000] {dag.py:3239} INFO - Sync 1 DAGs
[2026-08-21T14:16:13.170+0000] {logging_mixin.py:190} INFO - [2026-08-21T14:16:13.169+0000] {dag.py:4180} INFO - Setting next_dagrun for first_dag to 2026-08-20 00:00:00+00:00, run_after=2026-08-21 00:00:00+00:00
[2026-08-21T14:16:13.192+0000] {processor.py:208} INFO - Processing /opt/airflow/dags/first_dag.py took 0.300 seconds
[2026-08-21T14:16:43.416+0000] {processor.py:186} INFO - Started process (PID=630) to work on /opt/airflow/dags/first_dag.py
[2026-08-21T14:16:43.418+0000] {processor.py:914} INFO - Processing file /opt/airflow/dags/first_dag.py for tasks to queue
[2026-08-21T14:16:43.422+0000] {logging_mixin.py:190} INFO - [2026-08-21T14:16:43.422+0000] {dagbag.py:588} INFO - Filling up the DagBag from /opt/airflow/dags/first_dag.py
[2026-08-21T14:16:43.445+0000] {processor.py:925} INFO - DAG(s) 'first_dag' retrieved from /opt/airflow/dags/first_dag.py
[2026-08-21T14:16:43.484+0000] {logging_mixin.py:190} INFO - [2026-08-21T14:16:43.483+0000] {dag.py:3239} INFO - Sync 1 DAGs
[2026-08-21T14:16:43.710+0000] {logging_mixin.py:190} INFO - [2026-08-21T14:16:43.709+0000] {dag.py:4180} INFO - Setting next_dagrun for first_dag to 2026-08-20 00:00:00+00:00, run_after=2026-08-21 00:00:00+00:00
[2026-08-21T14:16:43.736+0000] {processor.py:208} INFO - Processing /opt/airflow/dags/first_dag.py took 0.327 seconds
[2026-08-21T14:17:13.850+0000] {processor.py:186} INFO - Started process (PID=635) to work on /opt/airflow/dags/first_dag.py
[2026-08-21T14:17:13.852+0000] {processor.py:914} INFO - Processing file /opt/airflow/dags/first_dag.py for tasks to queue
[2026-08-21T14:17:13.856+0000] {logging_mixin.py:190} INFO - [2026-08-21T14:17:13.856+0000] {dagbag.py:588} INFO - Filling up the DagBag from /opt/airflow/dags/first_dag.py
[2026-08-21T14:17:13.881+0000] {processor.py:925} INFO - DAG(s) 'first_dag' retrieved from /opt/airflow/dags/first_dag.py
[2026-08-21T14:17:13.915+0000] {logging_mixin.py:190} INFO - [2026-08-21T14:17:13.915+0000] {dag.py:3239} INFO - Sync 1 DAGs
[2026-08-21T14:17:13.947+0000] {logging_mixin.py:190} INFO - [2026-08-21T14:17:13.947+0000] {dag.py:4180} INFO - Setting next_dagrun for first_dag to 2026-08-20 00:00:00+00:00, run_after=2026-08-21 00:00:00+00:00
[2026-08-21T14:17:13.979+0000] {processor.py:208} INFO - Processing /opt/airflow/dags/first_dag.py took 0.136 seconds
[2026-08-21T14:17:44.278+0000] {processor.py:186} INFO - Started process (PID=640) to work on /opt/airflow/dags/first_dag.py
[2026-08-21T14:17:44.280+0000] {processor.py:914} INFO - Processing file /opt/airflow/dags/first_dag.py for tasks to queue
[2026-08-21T14:17:44.283+0000] {logging_mixin.py:190} INFO - [2026-08-21T14:17:44.283+0000] {dagbag.py:588} INFO - Filling up the DagBag from /opt/airflow/dags/first_dag.py
[2026-08-21T14:17:44.311+0000] {processor.py:925} INFO - DAG(s) 'first_dag' retrieved from /opt/airflow/dags/first_dag.py
[2026-08-21T14:17:44.344+0000] {logging_mixin.py:190} INFO - [2026-08-21T14:17:44.344+0000] {dag.py:3239} INFO - Sync 1 DAGs
[2026-08-21T14:17:44.371+0000] {logging_mixin.py:190} INFO - [2026-08-21T14:17:44.371+0000] {dag.py:4180} INFO - Setting next_dagrun for first_dag to 2026-08-20 00:00:00+00:00, run_after=2026-08-21 00:00:00+00:00
[2026-08-21T14:17:44.397+0000] {processor.py:208} INFO - Processing /opt/airflow/dags/first_dag.py took 0.127 seconds
[2026-08-21T14:18:14.609+0000] {processor.py:186} INFO - Started process (PID=645) to work on /opt/airflow/dags/first_dag.py
[2026-08-21T14:18:14.611+0000] {processor.py:914} INFO - Processing file /opt/airflow/dags/first_dag.py for tasks to queue
[2026-08-21T14:18:14.615+0000] {logging_mixin.py:190} INFO - [2026-08-21T14:18:14.615+0000] {dagbag.py:588} INFO - Filling up the DagBag from /opt/airflow/dags/first_dag.py
[2026-08-21T14:18:14.638+0000] {processor.py:925} INFO - DAG(s) 'first_dag' retrieved from /opt/airflow/dags/first_dag.py
[2026-08-21T14:18:14.681+0000] {logging_mixin.py:190} INFO - [2026-08-21T14:18:14.680+0000] {dag.py:3239} INFO - Sync 1 DAGs
[2026-08-21T14:18:14.708+0000] {logging_mixin.py:190} INFO - [2026-08-21T14:18:14.708+0000] {dag.py:4180} INFO - Setting next_dagrun for first_dag to 2026-08-20 00:00:00+00:00, run_after=2026-08-21 00:00:00+00:00
[2026-08-21T14:18:14.731+0000] {processor.py:208} INFO - Processing /opt/airflow/dags/first_dag.py took 0.131 seconds
[2026-08-21T14:18:45.086+0000] {processor.py:186} INFO - Started process (PID=650) to work on /opt/airflow/dags/first_dag.py
[2026-08-21T14:18:45.088+0000] {processor.py:914} INFO - Processing file /opt/airflow/dags/first_dag.py for tasks to queue
[2026-08-21T14:18:45.092+0000] {logging_mixin.py:190} INFO - [2026-08-21T14:18:45.092+0000] {dagbag.py:588} INFO - Filling up the DagBag from /opt/airflow/dags/first_dag.py
[2026-08-21T14:18:45.117+0000] {processor.py:925} INFO - DAG(s) 'first_dag' retrieved from /opt/airflow/dags/first_dag.py
[2026-08-21T14:18:45.149+0000] {logging_mixin.py:190} INFO - [2026-08-21T14:18:45.149+0000] {dag.py:3239} INFO - Sync 1 DAGs
[2026-08-21T14:18:45.175+0000] {logging_mixin.py:190} INFO - [2026-08-21T14:18:45.174+0000] {dag.py:4180} INFO - Setting next_dagrun for first_dag to 2026-08-20 00:00:00+00:00, run_after=2026-08-21 00:00:00+00:00
[2026-08-21T14:18:45.375+0000] {processor.py:208} INFO - Processing /opt/airflow/dags/first_dag.py took 0.298 seconds
[2026-08-21T14:19:15.729+0000] {processor.py:186} INFO - Started process (PID=655) to work on /opt/airflow/dags/first_dag.py
[2026-08-21T14:19:15.730+0000] {processor.py:914} INFO - Processing file /opt/airflow/dags/first_dag.py for tasks to queue
[2026-08-21T14:19:15.734+0000] {logging_mixin.py:190} INFO - [2026-08-21T14:19:15.734+0000] {dagbag.py:588} INFO - Filling up the DagBag from /opt/airflow/dags/first_dag.py
[2026-08-21T14:19:15.755+0000] {processor.py:925} INFO - DAG(s) 'first_dag' retrieved from /opt/airflow/dags/first_dag.py
[2026-08-21T14:19:15.790+0000] {logging_mixin.py:190} INFO - [2026-08-21T14:19:15.789+0000] {dag.py:3239} INFO - Sync 1 DAGs
[2026-08-21T14:19:16.025+0000] {logging_mixin.py:190} INFO - [2026-08-21T14:19:16.024+0000] {dag.py:4180} INFO - Setting next_dagrun for first_dag to 2026-08-20 00:00:00+00:00, run_after=2026-08-21 00:00:00+00:00
[2026-08-21T14:19:16.042+0000] {processor.py:208} INFO - Processing /opt/airflow/dags/first_dag.py took 0.321 seconds
[2026-08-21T14:19:46.451+0000] {processor.py:186} INFO - Started process (PID=660) to work on /opt/airflow/dags/first_dag.py
[2026-08-21T14:19:46.453+0000] {processor.py:914} INFO - Processing file /opt/airflow/dags/first_dag.py for tasks to queue
[2026-08-21T14:19:46.457+0000] {logging_mixin.py:190} INFO - [2026-08-21T14:19:46.456+0000] {dagbag.py:588} INFO - Filling up the DagBag from /opt/airflow/dags/first_dag.py
[2026-08-21T14:19:46.489+0000] {processor.py:925} INFO - DAG(s) 'first_dag' retrieved from /opt/airflow/dags/first_dag.py
[2026-08-21T14:19:46.716+0000] {logging_mixin.py:190} INFO - [2026-08-21T14:19:46.716+0000] {dag.py:3239} INFO - Sync 1 DAGs
[2026-08-21T14:19:46.744+0000] {logging_mixin.py:190} INFO - [2026-08-21T14:19:46.744+0000] {dag.py:4180} INFO - Setting next_dagrun for first_dag to 2026-08-20 00:00:00+00:00, run_after=2026-08-21 00:00:00+00:00
[2026-08-21T14:19:46.770+0000] {processor.py:208} INFO - Processing /opt/airflow/dags/first_dag.py took 0.330 seconds
[2026-08-21T14:20:17.061+0000] {processor.py:186} INFO - Started process (PID=665) to work on /opt/airflow/dags/first_dag.py
[2026-08-21T14:20:17.063+0000] {processor.py:914} INFO - Processing file /opt/airflow/dags/first_dag.py for tasks to queue
[2026-08-21T14:20:17.066+0000] {logging_mixin.py:190} INFO - [2026-08-21T14:20:17.066+0000] {dagbag.py:588} INFO - Filling up the DagBag from /opt/airflow/dags/first_dag.py
[2026-08-21T14:20:17.090+0000] {processor.py:925} INFO - DAG(s) 'first_dag' retrieved from /opt/airflow/dags/first_dag.py
[2026-08-21T14:20:17.124+0000] {logging_mixin.py:190} INFO - [2026-08-21T14:20:17.123+0000] {dag.py:3239} INFO - Sync 1 DAGs
[2026-08-21T14:20:17.203+0000] {logging_mixin.py:190} INFO - [2026-08-21T14:20:17.203+0000] {dag.py:4180} INFO - Setting next_dagrun for first_dag to 2026-08-20 00:00:00+00:00, run_after=2026-08-21 00:00:00+00:00
[2026-08-21T14:20:17.248+0000] {processor.py:208} INFO - Processing /opt/airflow/dags/first_dag.py took 0.194 seconds
[2026-08-21T14:20:47.355+0000] {processor.py:186} INFO - Started process (PID=670) to work on /opt/airflow/dags/first_dag.py
[2026-08-21T14:20:47.356+0000] {processor.py:914} INFO - Processing file /opt/airflow/dags/first_dag.py for tasks to queue
[2026-08-21T14:20:47.359+0000] {logging_mixin.py:190} INFO - [2026-08-21T14:20:47.359+0000] {dagbag.py:588} INFO - Filling up the DagBag from /opt/airflow/dags/first_dag.py
[2026-08-21T14:20:47.376+0000] {processor.py:925} INFO - DAG(s) 'first_dag' retrieved from /opt/airflow/dags/first_dag.py
[2026-08-21T14:20:47.417+0000] {logging_mixin.py:190} INFO - [2026-08-21T14:20:47.416+0000] {dag.py:3239} INFO - Sync 1 DAGs
[2026-08-21T14:20:47.450+0000] {logging_mixin.py:190} INFO - [2026-08-21T14:20:47.450+0000] {dag.py:4180} INFO - Setting next_dagrun for first_dag to 2026-08-20 00:00:00+00:00, run_after=2026-08-21 00:00:00+00:00
[2026-08-21T14:20:47.469+0000] {processor.py:208} INFO - Processing /opt/airflow/dags/first_dag.py took 0.122 seconds
[2026-08-21T14:21:17.672+0000] {processor.py:186} INFO - Started process (PID=675) to work on /opt/airflow/dags/first_dag.py
[2026-08-21T14:21:17.675+0000] {processor.py:914} INFO - Processing file /opt/airflow/dags/first_dag.py for tasks to queue
[2026-08-21T14:21:17.680+0000] {logging_mixin.py:190} INFO - [2026-08-21T14:21:17.679+0000] {dagbag.py:588} INFO - Filling up the DagBag from /opt/airflow/dags/first_dag.py
[2026-08-21T14:21:17.704+0000] {processor.py:925} INFO - DAG(s) 'first_dag' retrieved from /opt/airflow/dags/first_dag.py
[2026-08-21T14:21:17.745+0000] {logging_mixin.py:190} INFO - [2026-08-21T14:21:17.745+0000] {dag.py:3239} INFO - Sync 1 DAGs
[2026-08-21T14:21:17.777+0000] {logging_mixin.py:190} INFO - [2026-08-21T14:21:17.777+0000] {dag.py:4180} INFO - Setting next_dagrun for first_dag to 2026-08-20 00:00:00+00:00, run_after=2026-08-21 00:00:00+00:00
[2026-08-21T14:21:17.805+0000] {processor.py:208} INFO - Processing /opt/airflow/dags/first_dag.py took 0.142 seconds
[2026-08-21T14:21:48.076+0000] {processor.py:186} INFO - Started process (PID=680) to work on /opt/airflow/dags/first_dag.py
[2026-08-21T14:21:48.078+0000] {processor.py:914} INFO - Processing file /opt/airflow/dags/first_dag.py for tasks to queue
[2026-08-21T14:21:48.081+0000] {logging_mixin.py:190} INFO - [2026-08-21T14:21:48.081+0000] {dagbag.py:588} INFO - Filling up the DagBag from /opt/airflow/dags/first_dag.py
[2026-08-21T14:21:48.105+0000] {processor.py:925} INFO - DAG(s) 'first_dag' retrieved from /opt/airflow/dags/first_dag.py
[2026-08-21T14:21:48.141+0000] {logging_mixin.py:190} INFO - [2026-08-21T14:21:48.141+0000] {dag.py:3239} INFO - Sync 1 DAGs
[2026-08-21T14:21:48.176+0000] {logging_mixin.py:190} INFO - [2026-08-21T14:21:48.176+0000] {dag.py:4180} INFO - Setting next_dagrun for first_dag to 2026-08-20 00:00:00+00:00, run_after=2026-08-21 00:00:00+00:00
[2026-08-21T14:21:48.400+0000] {processor.py:208} INFO - Processing /opt/airflow/dags/first_dag.py took 0.330 seconds
[2026-08-21T14:22:18.746+0000] {processor.py:186} INFO - Started process (PID=685) to work on /opt/airflow/dags/first_dag.py
[2026-08-21T14:22:18.748+0000] {processor.py:914} INFO - Processing file /opt/airflow/dags/first_dag.py for tasks to queue
[2026-08-21T14:22:18.752+0000] {logging_mixin.py:190} INFO - [2026-08-21T14:22:18.752+0000] {dagbag.py:588} INFO - Filling up the DagBag from /opt/airflow/dags/first_dag.py
[2026-08-21T14:22:18.777+0000] {processor.py:925} INFO - DAG(s) 'first_dag' retrieved from /opt/airflow/dags/first_dag.py
[2026-08-21T14:22:18.814+0000] {logging_mixin.py:190} INFO - [2026-08-21T14:22:18.814+0000] {dag.py:3239} INFO - Sync 1 DAGs
[2026-08-21T14:22:19.062+0000] {logging_mixin.py:190} INFO - [2026-08-21T14:22:19.061+0000] {dag.py:4180} INFO - Setting next_dagrun for first_dag to 2026-08-20 00:00:00+00:00, run_after=2026-08-21 00:00:00+00:00
[2026-08-21T14:22:19.090+0000] {processor.py:208} INFO - Processing /opt/airflow/dags/first_dag.py took 0.353 seconds
[2026-08-21T14:22:49.487+0000] {processor.py:186} INFO - Started process (PID=690) to work on /opt/airflow/dags/first_dag.py
[2026-08-21T14:22:49.489+0000] {processor.py:914} INFO - Processing file /opt/airflow/dags/first_dag.py for tasks to queue
[2026-08-21T14:22:49.494+0000] {logging_mixin.py:190} INFO - [2026-08-21T14:22:49.494+0000] {dagbag.py:588} INFO - Filling up the DagBag from /opt/airflow/dags/first_dag.py
[2026-08-21T14:22:49.521+0000] {processor.py:925} INFO - DAG(s) 'first_dag' retrieved from /opt/airflow/dags/first_dag.py
[2026-08-21T14:22:49.743+0000] {logging_mixin.py:190} INFO - [2026-08-21T14:22:49.743+0000] {dag.py:3239} INFO - Sync 1 DAGs
[2026-08-21T14:22:49.769+0000] {logging_mixin.py:190} INFO - [2026-08-21T14:22:49.769+0000] {dag.py:4180} INFO - Setting next_dagrun for first_dag to 2026-08-20 00:00:00+00:00, run_after=2026-08-21 00:00:00+00:00
[2026-08-21T14:22:49.792+0000] {processor.py:208} INFO - Processing /opt/airflow/dags/first_dag.py took 0.314 seconds
[2026-08-21T14:23:19.875+0000] {processor.py:186} INFO - Started process (PID=695) to work on /opt/airflow/dags/first_dag.py
[2026-08-21T14:23:19.877+0000] {processor.py:914} INFO - Processing file /opt/airflow/dags/first_dag.py for tasks to queue
[2026-08-21T14:23:19.881+0000] {logging_mixin.py:190} INFO - [2026-08-21T14:23:19.880+0000] {dagbag.py:588} INFO - Filling up the DagBag from /opt/airflow/dags/first_dag.py
[2026-08-21T14:23:19.902+0000] {processor.py:925} INFO - DAG(s) 'first_dag' retrieved from /opt/airflow/dags/first_dag.py
[2026-08-21T14:23:19.934+0000] {logging_mixin.py:190} INFO - [2026-08-21T14:23:19.933+0000] {dag.py:3239} INFO - Sync 1 DAGs
[2026-08-21T14:23:19.958+0000] {logging_mixin.py:190} INFO - [2026-08-21T14:23:19.958+0000] {dag.py:4180} INFO - Setting next_dagrun for first_dag to 2026-08-20 00:00:00+00:00, run_after=2026-08-21 00:00:00+00:00
[2026-08-21T14:23:19.990+0000] {processor.py:208} INFO - Processing /opt/airflow/dags/first_dag.py took 0.122 seconds
[2026-08-21T14:23:50.151+0000] {processor.py:186} INFO - Started process (PID=700) to work on /opt/airflow/dags/first_dag.py
[2026-08-21T14:23:50.153+0000] {processor.py:914} INFO - Processing file /opt/airflow/dags/first_dag.py for tasks to queue
[2026-08-21T14:23:50.157+0000] {logging_mixin.py:190} INFO - [2026-08-21T14:23:50.156+0000] {dagbag.py:588} INFO - Filling up the DagBag from /opt/airflow/dags/first_dag.py
[2026-08-21T14:23:50.179+0000] {processor.py:925} INFO - DAG(s) 'first_dag' retrieved from /opt/airflow/dags/first_dag.py
[2026-08-21T14:23:50.212+0000] {logging_mixin.py:190} INFO - [2026-08-21T14:23:50.211+0000] {dag.py:3239} INFO - Sync 1 DAGs
[2026-08-21T14:23:50.238+0000] {logging_mixin.py:190} INFO - [2026-08-21T14:23:50.238+0000] {dag.py:4180} INFO - Setting next_dagrun for first_dag to 2026-08-20 00:00:00+00:00, run_after=2026-08-21 00:00:00+00:00
[2026-08-21T14:23:50.260+0000] {processor.py:208} INFO - Processing /opt/airflow/dags/first_dag.py took 0.118 seconds
[2026-08-21T14:24:20.615+0000] {processor.py:186} INFO - Started process (PID=705) to work on /opt/airflow/dags/first_dag.py
[2026-08-21T14:24:20.617+0000] {processor.py:914} INFO - Processing file /opt/airflow/dags/first_dag.py for tasks to queue
[2026-08-21T14:24:20.623+0000] {logging_mixin.py:190} INFO - [2026-08-21T14:24:20.622+0000] {dagbag.py:588} INFO - Filling up the DagBag from /opt/airflow/dags/first_dag.py
[2026-08-21T14:24:20.649+0000] {processor.py:925} INFO - DAG(s) 'first_dag' retrieved from /opt/airflow/dags/first_dag.py
[2026-08-21T14:24:20.682+0000] {logging_mixin.py:190} INFO - [2026-08-21T14:24:20.682+0000] {dag.py:3239} INFO - Sync 1 DAGs
[2026-08-21T14:24:20.713+0000] {logging_mixin.py:190} INFO - [2026-08-21T14:24:20.713+0000] {dag.py:4180} INFO - Setting next_dagrun for first_dag to 2026-08-20 00:00:00+00:00, run_after=2026-08-21 00:00:00+00:00
[2026-08-21T14:24:20.930+0000] {processor.py:208} INFO - Processing /opt/airflow/dags/first_dag.py took 0.324 seconds
[2026-08-21T14:24:51.250+0000] {processor.py:186} INFO - Started process (PID=710) to work on /opt/airflow/dags/first_dag.py
[2026-08-21T14:24:51.252+0000] {processor.py:914} INFO - Processing file /opt/airflow/dags/first_dag.py for tasks to queue
[2026-08-21T14:24:51.255+0000] {logging_mixin.py:190} INFO - [2026-08-21T14:24:51.255+0000] {dagbag.py:588} INFO - Filling up the DagBag from /opt/airflow/dags/first_dag.py
[2026-08-21T14:24:51.277+0000] {processor.py:925} INFO - DAG(s) 'first_dag' retrieved from /opt/airflow/dags/first_dag.py
[2026-08-21T14:24:51.309+0000] {logging_mixin.py:190} INFO - [2026-08-21T14:24:51.308+0000] {dag.py:3239} INFO - Sync 1 DAGs
[2026-08-21T14:24:51.501+0000] {logging_mixin.py:190} INFO - [2026-08-21T14:24:51.501+0000] {dag.py:4180} INFO - Setting next_dagrun for first_dag to 2026-08-20 00:00:00+00:00, run_after=2026-08-21 00:00:00+00:00
[2026-08-21T14:24:51.533+0000] {processor.py:208} INFO - Processing /opt/airflow/dags/first_dag.py took 0.290 seconds
[2026-08-21T14:25:21.848+0000] {processor.py:186} INFO - Started process (PID=715) to work on /opt/airflow/dags/first_dag.py
[2026-08-21T14:25:21.850+0000] {processor.py:914} INFO - Processing file /opt/airflow/dags/first_dag.py for tasks to queue
[2026-08-21T14:25:21.855+0000] {logging_mixin.py:190} INFO - [2026-08-21T14:25:21.854+0000] {dagbag.py:588} INFO - Filling up the DagBag from /opt/airflow/dags/first_dag.py
[2026-08-21T14:25:21.881+0000] {processor.py:925} INFO - DAG(s) 'first_dag' retrieved from /opt/airflow/dags/first_dag.py
[2026-08-21T14:25:21.917+0000] {logging_mixin.py:190} INFO - [2026-08-21T14:25:21.917+0000] {dag.py:3239} INFO - Sync 1 DAGs
[2026-08-21T14:25:22.121+0000] {logging_mixin.py:190} INFO - [2026-08-21T14:25:22.121+0000] {dag.py:4180} INFO - Setting next_dagrun for first_dag to 2026-08-20 00:00:00+00:00, run_after=2026-08-21 00:00:00+00:00
[2026-08-21T14:25:22.147+0000] {processor.py:208} INFO - Processing /opt/airflow/dags/first_dag.py took 0.305 seconds
[2026-08-21T14:25:52.479+0000] {processor.py:186} INFO - Started process (PID=720) to work on /opt/airflow/dags/first_dag.py
[2026-08-21T14:25:52.481+0000] {processor.py:914} INFO - Processing file /opt/airflow/dags/first_dag.py for tasks to queue
[2026-08-21T14:25:52.484+0000] {logging_mixin.py:190} INFO - [2026-08-21T14:25:52.484+0000] {dagbag.py:588} INFO - Filling up the DagBag from /opt/airflow/dags/first_dag.py
[2026-08-21T14:25:52.507+0000] {processor.py:925} INFO - DAG(s) 'first_dag' retrieved from /opt/airflow/dags/first_dag.py
[2026-08-21T14:25:52.544+0000] {logging_mixin.py:190} INFO - [2026-08-21T14:25:52.544+0000] {dag.py:3239} INFO - Sync 1 DAGs
[2026-08-21T14:25:52.570+0000] {logging_mixin.py:190} INFO - [2026-08-21T14:25:52.569+0000] {dag.py:4180} INFO - Setting next_dagrun for first_dag to 2026-08-20 00:00:00+00:00, run_after=2026-08-21 00:00:00+00:00
[2026-08-21T14:25:52.592+0000] {processor.py:208} INFO - Processing /opt/airflow/dags/first_dag.py took 0.119 seconds
[2026-08-21T14:26:22.851+0000] {processor.py:186} INFO - Started process (PID=725) to work on /opt/airflow/dags/first_dag.py
[2026-08-21T14:26:22.872+0000] {processor.py:914} INFO - Processing file /opt/airflow/dags/first_dag.py for tasks to queue
[2026-08-21T14:26:22.878+0000] {logging_mixin.py:190} INFO - [2026-08-21T14:26:22.877+0000] {dagbag.py:588} INFO - Filling up the DagBag from /opt/airflow/dags/first_dag.py
[2026-08-21T14:26:22.916+0000] {processor.py:925} INFO - DAG(s) 'first_dag' retrieved from /opt/airflow/dags/first_dag.py
[2026-08-21T14:26:22.967+0000] {logging_mixin.py:190} INFO - [2026-08-21T14:26:22.967+0000] {dag.py:3239} INFO - Sync 1 DAGs
[2026-08-21T14:26:23.016+0000] {logging_mixin.py:190} INFO - [2026-08-21T14:26:23.015+0000] {dag.py:4180} INFO - Setting next_dagrun for first_dag to 2026-08-20 00:00:00+00:00, run_after=2026-08-21 00:00:00+00:00
[2026-08-21T14:26:23.050+0000] {processor.py:208} INFO - Processing /opt/airflow/dags/first_dag.py took 0.230 seconds
[2026-08-21T14:26:53.210+0000] {processor.py:186} INFO - Started process (PID=730) to work on /opt/airflow/dags/first_dag.py
[2026-08-21T14:26:53.214+0000] {processor.py:914} INFO - Processing file /opt/airflow/dags/first_dag.py for tasks to queue
[2026-08-21T14:26:53.226+0000] {logging_mixin.py:190} INFO - [2026-08-21T14:26:53.224+0000] {dagbag.py:588} INFO - Filling up the DagBag from /opt/airflow/dags/first_dag.py
[2026-08-21T14:26:53.281+0000] {processor.py:925} INFO - DAG(s) 'first_dag' retrieved from /opt/airflow/dags/first_dag.py
[2026-08-21T14:26:53.357+0000] {logging_mixin.py:190} INFO - [2026-08-21T14:26:53.357+0000] {dag.py:3239} INFO - Sync 1 DAGs
[2026-08-21T14:26:53.417+0000] {logging_mixin.py:190} INFO - [2026-08-21T14:26:53.417+0000] {dag.py:4180} INFO - Setting next_dagrun for first_dag to 2026-08-20 00:00:00+00:00, run_after=2026-08-21 00:00:00+00:00
[2026-08-21T14:26:53.452+0000] {processor.py:208} INFO - Processing /opt/airflow/dags/first_dag.py took 0.262 seconds
[2026-08-21T14:27:23.682+0000] {processor.py:186} INFO - Started process (PID=735) to work on /opt/airflow/dags/first_dag.py
[2026-08-21T14:27:23.685+0000] {processor.py:914} INFO - Processing file /opt/airflow/dags/first_dag.py for tasks to queue
[2026-08-21T14:27:23.691+0000] {logging_mixin.py:190} INFO - [2026-08-21T14:27:23.690+0000] {dagbag.py:588} INFO - Filling up the DagBag from /opt/airflow/dags/first_dag.py
[2026-08-21T14:27:23.723+0000] {processor.py:925} INFO - DAG(s) 'first_dag' retrieved from /opt/airflow/dags/first_dag.py
[2026-08-21T14:27:23.771+0000] {logging_mixin.py:190} INFO - [2026-08-21T14:27:23.770+0000] {dag.py:3239} INFO - Sync 1 DAGs
[2026-08-21T14:27:23.813+0000] {logging_mixin.py:190} INFO - [2026-08-21T14:27:23.813+0000] {dag.py:4180} INFO - Setting next_dagrun for first_dag to 2026-08-20 00:00:00+00:00, run_after=2026-08-21 00:00:00+00:00
[2026-08-21T14:27:24.098+0000] {processor.py:208} INFO - Processing /opt/airflow/dags/first_dag.py took 0.430 seconds
[2026-08-21T14:27:54.485+0000] {processor.py:186} INFO - Started process (PID=740) to work on /opt/airflow/dags/first_dag.py
[2026-08-21T14:27:54.487+0000] {processor.py:914} INFO - Processing file /opt/airflow/dags/first_dag.py for tasks to queue
[2026-08-21T14:27:54.490+0000] {logging_mixin.py:190} INFO - [2026-08-21T14:27:54.490+0000] {dagbag.py:588} INFO - Filling up the DagBag from /opt/airflow/dags/first_dag.py
[2026-08-21T14:27:54.512+0000] {processor.py:925} INFO - DAG(s) 'first_dag' retrieved from /opt/airflow/dags/first_dag.py
[2026-08-21T14:27:54.545+0000] {logging_mixin.py:190} INFO - [2026-08-21T14:27:54.545+0000] {dag.py:3239} INFO - Sync 1 DAGs
[2026-08-21T14:27:54.753+0000] {logging_mixin.py:190} INFO - [2026-08-21T14:27:54.753+0000] {dag.py:4180} INFO - Setting next_dagrun for first_dag to 2026-08-20 00:00:00+00:00, run_after=2026-08-21 00:00:00+00:00
[2026-08-21T14:27:54.778+0000] {processor.py:208} INFO - Processing /opt/airflow/dags/first_dag.py took 0.301 seconds
[2026-08-21T14:28:25.121+0000] {processor.py:186} INFO - Started process (PID=745) to work on /opt/airflow/dags/first_dag.py
[2026-08-21T14:28:25.124+0000] {processor.py:914} INFO - Processing file /opt/airflow/dags/first_dag.py for tasks to queue
[2026-08-21T14:28:25.129+0000] {logging_mixin.py:190} INFO - [2026-08-21T14:28:25.128+0000] {dagbag.py:588} INFO - Filling up the DagBag from /opt/airflow/dags/first_dag.py
[2026-08-21T14:28:25.160+0000] {processor.py:925} INFO - DAG(s) 'first_dag' retrieved from /opt/airflow/dags/first_dag.py
[2026-08-21T14:28:25.404+0000] {logging_mixin.py:190} INFO - [2026-08-21T14:28:25.404+0000] {dag.py:3239} INFO - Sync 1 DAGs
[2026-08-21T14:28:25.431+0000] {logging_mixin.py:190} INFO - [2026-08-21T14:28:25.431+0000] {dag.py:4180} INFO - Setting next_dagrun for first_dag to 2026-08-20 00:00:00+00:00, run_after=2026-08-21 00:00:00+00:00
[2026-08-21T14:28:25.453+0000] {processor.py:208} INFO - Processing /opt/airflow/dags/first_dag.py took 0.340 seconds
[2026-08-21T14:28:55.788+0000] {processor.py:186} INFO - Started process (PID=750) to work on /opt/airflow/dags/first_dag.py
[2026-08-21T14:28:55.791+0000] {processor.py:914} INFO - Processing file /opt/airflow/dags/first_dag.py for tasks to queue
[2026-08-21T14:28:55.795+0000] {logging_mixin.py:190} INFO - [2026-08-21T14:28:55.794+0000] {dagbag.py:588} INFO - Filling up the DagBag from /opt/airflow/dags/first_dag.py
[2026-08-21T14:28:55.828+0000] {processor.py:925} INFO - DAG(s) 'first_dag' retrieved from /opt/airflow/dags/first_dag.py
[2026-08-21T14:28:55.881+0000] {logging_mixin.py:190} INFO - [2026-08-21T14:28:55.880+0000] {dag.py:3239} INFO - Sync 1 DAGs
[2026-08-21T14:28:55.913+0000] {logging_mixin.py:190} INFO - [2026-08-21T14:28:55.913+0000] {dag.py:4180} INFO - Setting next_dagrun for first_dag to 2026-08-20 00:00:00+00:00, run_after=2026-08-21 00:00:00+00:00
[2026-08-21T14:28:55.946+0000] {processor.py:208} INFO - Processing /opt/airflow/dags/first_dag.py took 0.168 seconds
[2026-08-21T14:29:26.114+0000] {processor.py:186} INFO - Started process (PID=755) to work on /opt/airflow/dags/first_dag.py
[2026-08-21T14:29:26.117+0000] {processor.py:914} INFO - Processing file /opt/airflow/dags/first_dag.py for tasks to queue
[2026-08-21T14:29:26.121+0000] {logging_mixin.py:190} INFO - [2026-08-21T14:29:26.120+0000] {dagbag.py:588} INFO - Filling up the DagBag from /opt/airflow/dags/first_dag.py
[2026-08-21T14:29:26.154+0000] {processor.py:925} INFO - DAG(s) 'first_dag' retrieved from /opt/airflow/dags/first_dag.py
[2026-08-21T14:29:26.196+0000] {logging_mixin.py:190} INFO - [2026-08-21T14:29:26.196+0000] {dag.py:3239} INFO - Sync 1 DAGs
[2026-08-21T14:29:26.227+0000] {logging_mixin.py:190} INFO - [2026-08-21T14:29:26.226+0000] {dag.py:4180} INFO - Setting next_dagrun for first_dag to 2026-08-20 00:00:00+00:00, run_after=2026-08-21 00:00:00+00:00
[2026-08-21T14:29:26.255+0000] {processor.py:208} INFO - Processing /opt/airflow/dags/first_dag.py took 0.155 seconds
[2026-08-21T14:29:56.398+0000] {processor.py:186} INFO - Started process (PID=760) to work on /opt/airflow/dags/first_dag.py
[2026-08-21T14:29:56.400+0000] {processor.py:914} INFO - Processing file /opt/airflow/dags/first_dag.py for tasks to queue
[2026-08-21T14:29:56.404+0000] {logging_mixin.py:190} INFO - [2026-08-21T14:29:56.403+0000] {dagbag.py:588} INFO - Filling up the DagBag from /opt/airflow/dags/first_dag.py
[2026-08-21T14:29:56.429+0000] {processor.py:925} INFO - DAG(s) 'first_dag' retrieved from /opt/airflow/dags/first_dag.py
[2026-08-21T14:29:56.468+0000] {logging_mixin.py:190} INFO - [2026-08-21T14:29:56.468+0000] {dag.py:3239} INFO - Sync 1 DAGs
[2026-08-21T14:29:56.499+0000] {logging_mixin.py:190} INFO - [2026-08-21T14:29:56.499+0000] {dag.py:4180} INFO - Setting next_dagrun for first_dag to 2026-08-20 00:00:00+00:00, run_after=2026-08-21 00:00:00+00:00
[2026-08-21T14:29:56.531+0000] {processor.py:208} INFO - Processing /opt/airflow/dags/first_dag.py took 0.140 seconds
[2026-08-21T14:30:26.874+0000] {processor.py:186} INFO - Started process (PID=765) to work on /opt/airflow/dags/first_dag.py
[2026-08-21T14:30:26.876+0000] {processor.py:914} INFO - Processing file /opt/airflow/dags/first_dag.py for tasks to queue
[2026-08-21T14:30:26.882+0000] {logging_mixin.py:190} INFO - [2026-08-21T14:30:26.881+0000] {dagbag.py:588} INFO - Filling up the DagBag from /opt/airflow/dags/first_dag.py
[2026-08-21T14:30:26.915+0000] {processor.py:925} INFO - DAG(s) 'first_dag' retrieved from /opt/airflow/dags/first_dag.py
[2026-08-21T14:30:26.976+0000] {logging_mixin.py:190} INFO - [2026-08-21T14:30:26.976+0000] {dag.py:3239} INFO - Sync 1 DAGs
[2026-08-21T14:30:27.350+0000] {logging_mixin.py:190} INFO - [2026-08-21T14:30:27.350+0000] {dag.py:4180} INFO - Setting next_dagrun for first_dag to 2026-08-20 00:00:00+00:00, run_after=2026-08-21 00:00:00+00:00
[2026-08-21T14:30:27.389+0000] {processor.py:208} INFO - Processing /opt/airflow/dags/first_dag.py took 0.525 seconds
[2026-08-21T14:30:57.757+0000] {processor.py:186} INFO - Started process (PID=770) to work on /opt/airflow/dags/first_dag.py
[2026-08-21T14:30:57.760+0000] {processor.py:914} INFO - Processing file /opt/airflow/dags/first_dag.py for tasks to queue
[2026-08-21T14:30:57.767+0000] {logging_mixin.py:190} INFO - [2026-08-21T14:30:57.766+0000] {dagbag.py:588} INFO - Filling up the DagBag from /opt/airflow/dags/first_dag.py
[2026-08-21T14:30:57.805+0000] {processor.py:925} INFO - DAG(s) 'first_dag' retrieved from /opt/airflow/dags/first_dag.py
[2026-08-21T14:30:57.843+0000] {logging_mixin.py:190} INFO - [2026-08-21T14:30:57.843+0000] {dag.py:3239} INFO - Sync 1 DAGs
[2026-08-21T14:30:58.080+0000] {logging_mixin.py:190} INFO - [2026-08-21T14:30:58.079+0000] {dag.py:4180} INFO - Setting next_dagrun for first_dag to 2026-08-20 00:00:00+00:00, run_after=2026-08-21 00:00:00+00:00
[2026-08-21T14:30:58.106+0000] {processor.py:208} INFO - Processing /opt/airflow/dags/first_dag.py took 0.365 seconds
[2026-08-21T14:31:28.475+0000] {processor.py:186} INFO - Started process (PID=775) to work on /opt/airflow/dags/first_dag.py
[2026-08-21T14:31:28.477+0000] {processor.py:914} INFO - Processing file /opt/airflow/dags/first_dag.py for tasks to queue
[2026-08-21T14:31:28.480+0000] {logging_mixin.py:190} INFO - [2026-08-21T14:31:28.480+0000] {dagbag.py:588} INFO - Filling up the DagBag from /opt/airflow/dags/first_dag.py
[2026-08-21T14:31:28.503+0000] {processor.py:925} INFO - DAG(s) 'first_dag' retrieved from /opt/airflow/dags/first_dag.py
[2026-08-21T14:31:28.708+0000] {logging_mixin.py:190} INFO - [2026-08-21T14:31:28.708+0000] {dag.py:3239} INFO - Sync 1 DAGs
[2026-08-21T14:31:28.732+0000] {logging_mixin.py:190} INFO - [2026-08-21T14:31:28.732+0000] {dag.py:4180} INFO - Setting next_dagrun for first_dag to 2026-08-20 00:00:00+00:00, run_after=2026-08-21 00:00:00+00:00
[2026-08-21T14:31:28.758+0000] {processor.py:208} INFO - Processing /opt/airflow/dags/first_dag.py took 0.292 seconds
[2026-08-21T14:31:59.061+0000] {processor.py:186} INFO - Started process (PID=780) to work on /opt/airflow/dags/first_dag.py
[2026-08-21T14:31:59.063+0000] {processor.py:914} INFO - Processing file /opt/airflow/dags/first_dag.py for tasks to queue
[2026-08-21T14:31:59.067+0000] {logging_mixin.py:190} INFO - [2026-08-21T14:31:59.067+0000] {dagbag.py:588} INFO - Filling up the DagBag from /opt/airflow/dags/first_dag.py
[2026-08-21T14:31:59.091+0000] {processor.py:925} INFO - DAG(s) 'first_dag' retrieved from /opt/airflow/dags/first_dag.py
[2026-08-21T14:31:59.123+0000] {logging_mixin.py:190} INFO - [2026-08-21T14:31:59.122+0000] {dag.py:3239} INFO - Sync 1 DAGs
[2026-08-21T14:31:59.153+0000] {logging_mixin.py:190} INFO - [2026-08-21T14:31:59.152+0000] {dag.py:4180} INFO - Setting next_dagrun for first_dag to 2026-08-20 00:00:00+00:00, run_after=2026-08-21 00:00:00+00:00
[2026-08-21T14:31:59.225+0000] {processor.py:208} INFO - Processing /opt/airflow/dags/first_dag.py took 0.172 seconds
[2026-08-21T14:32:29.322+0000] {processor.py:186} INFO - Started process (PID=785) to work on /opt/airflow/dags/first_dag.py
[2026-08-21T14:32:29.324+0000] {processor.py:914} INFO - Processing file /opt/airflow/dags/first_dag.py for tasks to queue
[2026-08-21T14:32:29.327+0000] {logging_mixin.py:190} INFO - [2026-08-21T14:32:29.327+0000] {dagbag.py:588} INFO - Filling up the DagBag from /opt/airflow/dags/first_dag.py
[2026-08-21T14:32:29.345+0000] {processor.py:925} INFO - DAG(s) 'first_dag' retrieved from /opt/airflow/dags/first_dag.py
[2026-08-21T14:32:29.376+0000] {logging_mixin.py:190} INFO - [2026-08-21T14:32:29.376+0000] {dag.py:3239} INFO - Sync 1 DAGs
[2026-08-21T14:32:29.403+0000] {logging_mixin.py:190} INFO - [2026-08-21T14:32:29.402+0000] {dag.py:4180} INFO - Setting next_dagrun for first_dag to 2026-08-20 00:00:00+00:00, run_after=2026-08-21 00:00:00+00:00
[2026-08-21T14:32:29.425+0000] {processor.py:208} INFO - Processing /opt/airflow/dags/first_dag.py took 0.110 seconds
[2026-08-21T14:32:59.796+0000] {processor.py:186} INFO - Started process (PID=790) to work on /opt/airflow/dags/first_dag.py
[2026-08-21T14:32:59.799+0000] {processor.py:914} INFO - Processing file /opt/airflow/dags/first_dag.py for tasks to queue
[2026-08-21T14:32:59.805+0000] {logging_mixin.py:190} INFO - [2026-08-21T14:32:59.804+0000] {dagbag.py:588} INFO - Filling up the DagBag from /opt/airflow/dags/first_dag.py
[2026-08-21T14:32:59.840+0000] {processor.py:925} INFO - DAG(s) 'first_dag' retrieved from /opt/airflow/dags/first_dag.py
[2026-08-21T14:32:59.924+0000] {logging_mixin.py:190} INFO - [2026-08-21T14:32:59.923+0000] {dag.py:3239} INFO - Sync 1 DAGs
[2026-08-21T14:32:59.990+0000] {logging_mixin.py:190} INFO - [2026-08-21T14:32:59.990+0000] {dag.py:4180} INFO - Setting next_dagrun for first_dag to 2026-08-21 00:00:00+00:00, run_after=2026-08-22 00:00:00+00:00
[2026-08-21T14:33:00.337+0000] {processor.py:208} INFO - Processing /opt/airflow/dags/first_dag.py took 0.558 seconds
[2026-08-21T14:33:30.753+0000] {processor.py:186} INFO - Started process (PID=795) to work on /opt/airflow/dags/first_dag.py
[2026-08-21T14:33:30.756+0000] {processor.py:914} INFO - Processing file /opt/airflow/dags/first_dag.py for tasks to queue
[2026-08-21T14:33:30.759+0000] {logging_mixin.py:190} INFO - [2026-08-21T14:33:30.759+0000] {dagbag.py:588} INFO - Filling up the DagBag from /opt/airflow/dags/first_dag.py
[2026-08-21T14:33:30.781+0000] {processor.py:925} INFO - DAG(s) 'first_dag' retrieved from /opt/airflow/dags/first_dag.py
[2026-08-21T14:33:30.812+0000] {logging_mixin.py:190} INFO - [2026-08-21T14:33:30.812+0000] {dag.py:3239} INFO - Sync 1 DAGs
[2026-08-21T14:33:31.014+0000] {logging_mixin.py:190} INFO - [2026-08-21T14:33:31.014+0000] {dag.py:4180} INFO - Setting next_dagrun for first_dag to 2026-08-21 00:00:00+00:00, run_after=2026-08-22 00:00:00+00:00
[2026-08-21T14:33:31.045+0000] {processor.py:208} INFO - Processing /opt/airflow/dags/first_dag.py took 0.299 seconds
[2026-08-21T14:34:01.341+0000] {processor.py:186} INFO - Started process (PID=800) to work on /opt/airflow/dags/first_dag.py
[2026-08-21T14:34:01.343+0000] {processor.py:914} INFO - Processing file /opt/airflow/dags/first_dag.py for tasks to queue
[2026-08-21T14:34:01.347+0000] {logging_mixin.py:190} INFO - [2026-08-21T14:34:01.346+0000] {dagbag.py:588} INFO - Filling up the DagBag from /opt/airflow/dags/first_dag.py
[2026-08-21T14:34:01.372+0000] {processor.py:925} INFO - DAG(s) 'first_dag' retrieved from /opt/airflow/dags/first_dag.py
[2026-08-21T14:34:01.410+0000] {logging_mixin.py:190} INFO - [2026-08-21T14:34:01.410+0000] {dag.py:3239} INFO - Sync 1 DAGs
[2026-08-21T14:34:01.631+0000] {logging_mixin.py:190} INFO - [2026-08-21T14:34:01.631+0000] {dag.py:4180} INFO - Setting next_dagrun for first_dag to 2026-08-21 00:00:00+00:00, run_after=2026-08-22 00:00:00+00:00
[2026-08-21T14:34:01.655+0000] {processor.py:208} INFO - Processing /opt/airflow/dags/first_dag.py took 0.325 seconds
[2026-08-21T14:34:32.058+0000] {processor.py:186} INFO - Started process (PID=805) to work on /opt/airflow/dags/first_dag.py
[2026-08-21T14:34:32.060+0000] {processor.py:914} INFO - Processing file /opt/airflow/dags/first_dag.py for tasks to queue
[2026-08-21T14:34:32.066+0000] {logging_mixin.py:190} INFO - [2026-08-21T14:34:32.065+0000] {dagbag.py:588} INFO - Filling up the DagBag from /opt/airflow/dags/first_dag.py
[2026-08-21T14:34:32.093+0000] {processor.py:925} INFO - DAG(s) 'first_dag' retrieved from /opt/airflow/dags/first_dag.py
[2026-08-21T14:34:32.313+0000] {logging_mixin.py:190} INFO - [2026-08-21T14:34:32.313+0000] {dag.py:3239} INFO - Sync 1 DAGs
[2026-08-21T14:34:32.339+0000] {logging_mixin.py:190} INFO - [2026-08-21T14:34:32.339+0000] {dag.py:4180} INFO - Setting next_dagrun for first_dag to 2026-08-21 00:00:00+00:00, run_after=2026-08-22 00:00:00+00:00
[2026-08-21T14:34:32.359+0000] {processor.py:208} INFO - Processing /opt/airflow/dags/first_dag.py took 0.310 seconds
[2026-08-21T14:35:02.673+0000] {processor.py:186} INFO - Started process (PID=810) to work on /opt/airflow/dags/first_dag.py
[2026-08-21T14:35:02.675+0000] {processor.py:914} INFO - Processing file /opt/airflow/dags/first_dag.py for tasks to queue
[2026-08-21T14:35:02.678+0000] {logging_mixin.py:190} INFO - [2026-08-21T14:35:02.678+0000] {dagbag.py:588} INFO - Filling up the DagBag from /opt/airflow/dags/first_dag.py
[2026-08-21T14:35:02.701+0000] {processor.py:925} INFO - DAG(s) 'first_dag' retrieved from /opt/airflow/dags/first_dag.py
[2026-08-21T14:35:02.740+0000] {logging_mixin.py:190} INFO - [2026-08-21T14:35:02.740+0000] {dag.py:3239} INFO - Sync 1 DAGs
[2026-08-21T14:35:02.771+0000] {logging_mixin.py:190} INFO - [2026-08-21T14:35:02.771+0000] {dag.py:4180} INFO - Setting next_dagrun for first_dag to 2026-08-21 00:00:00+00:00, run_after=2026-08-22 00:00:00+00:00
[2026-08-21T14:35:02.799+0000] {processor.py:208} INFO - Processing /opt/airflow/dags/first_dag.py took 0.133 seconds
[2026-08-21T14:35:32.977+0000] {processor.py:186} INFO - Started process (PID=815) to work on /opt/airflow/dags/first_dag.py
[2026-08-21T14:35:32.979+0000] {processor.py:914} INFO - Processing file /opt/airflow/dags/first_dag.py for tasks to queue
[2026-08-21T14:35:32.983+0000] {logging_mixin.py:190} INFO - [2026-08-21T14:35:32.982+0000] {dagbag.py:588} INFO - Filling up the DagBag from /opt/airflow/dags/first_dag.py
[2026-08-21T14:35:33.007+0000] {processor.py:925} INFO - DAG(s) 'first_dag' retrieved from /opt/airflow/dags/first_dag.py
[2026-08-21T14:35:33.044+0000] {logging_mixin.py:190} INFO - [2026-08-21T14:35:33.044+0000] {dag.py:3239} INFO - Sync 1 DAGs
[2026-08-21T14:35:33.074+0000] {logging_mixin.py:190} INFO - [2026-08-21T14:35:33.073+0000] {dag.py:4180} INFO - Setting next_dagrun for first_dag to 2026-08-21 00:00:00+00:00, run_after=2026-08-22 00:00:00+00:00
[2026-08-21T14:35:33.096+0000] {processor.py:208} INFO - Processing /opt/airflow/dags/first_dag.py took 0.130 seconds
[2026-08-21T14:36:03.292+0000] {processor.py:186} INFO - Started process (PID=820) to work on /opt/airflow/dags/first_dag.py
[2026-08-21T14:36:03.295+0000] {processor.py:914} INFO - Processing file /opt/airflow/dags/first_dag.py for tasks to queue
[2026-08-21T14:36:03.300+0000] {logging_mixin.py:190} INFO - [2026-08-21T14:36:03.299+0000] {dagbag.py:588} INFO - Filling up the DagBag from /opt/airflow/dags/first_dag.py
[2026-08-21T14:36:03.324+0000] {processor.py:925} INFO - DAG(s) 'first_dag' retrieved from /opt/airflow/dags/first_dag.py
[2026-08-21T14:36:03.357+0000] {logging_mixin.py:190} INFO - [2026-08-21T14:36:03.357+0000] {dag.py:3239} INFO - Sync 1 DAGs
[2026-08-21T14:36:03.385+0000] {logging_mixin.py:190} INFO - [2026-08-21T14:36:03.385+0000] {dag.py:4180} INFO - Setting next_dagrun for first_dag to 2026-08-21 00:00:00+00:00, run_after=2026-08-22 00:00:00+00:00
[2026-08-21T14:36:03.593+0000] {processor.py:208} INFO - Processing /opt/airflow/dags/first_dag.py took 0.309 seconds
[2026-08-21T14:36:33.764+0000] {processor.py:186} INFO - Started process (PID=825) to work on /opt/airflow/dags/first_dag.py
[2026-08-21T14:36:33.767+0000] {processor.py:914} INFO - Processing file /opt/airflow/dags/first_dag.py for tasks to queue
[2026-08-21T14:36:33.771+0000] {logging_mixin.py:190} INFO - [2026-08-21T14:36:33.771+0000] {dagbag.py:588} INFO - Filling up the DagBag from /opt/airflow/dags/first_dag.py
[2026-08-21T14:36:33.798+0000] {processor.py:925} INFO - DAG(s) 'first_dag' retrieved from /opt/airflow/dags/first_dag.py
[2026-08-21T14:36:33.832+0000] {logging_mixin.py:190} INFO - [2026-08-21T14:36:33.832+0000] {dag.py:3239} INFO - Sync 1 DAGs
[2026-08-21T14:36:34.028+0000] {logging_mixin.py:190} INFO - [2026-08-21T14:36:34.027+0000] {dag.py:4180} INFO - Setting next_dagrun for first_dag to 2026-08-21 00:00:00+00:00, run_after=2026-08-22 00:00:00+00:00
[2026-08-21T14:36:34.053+0000] {processor.py:208} INFO - Processing /opt/airflow/dags/first_dag.py took 0.299 seconds
[2026-08-21T14:37:04.231+0000] {processor.py:186} INFO - Started process (PID=830) to work on /opt/airflow/dags/first_dag.py
[2026-08-21T14:37:04.234+0000] {processor.py:914} INFO - Processing file /opt/airflow/dags/first_dag.py for tasks to queue
[2026-08-21T14:37:04.237+0000] {logging_mixin.py:190} INFO - [2026-08-21T14:37:04.237+0000] {dagbag.py:588} INFO - Filling up the DagBag from /opt/airflow/dags/first_dag.py
[2026-08-21T14:37:04.263+0000] {processor.py:925} INFO - DAG(s) 'first_dag' retrieved from /opt/airflow/dags/first_dag.py
[2026-08-21T14:37:04.468+0000] {logging_mixin.py:190} INFO - [2026-08-21T14:37:04.467+0000] {dag.py:3239} INFO - Sync 1 DAGs
[2026-08-21T14:37:04.495+0000] {logging_mixin.py:190} INFO - [2026-08-21T14:37:04.495+0000] {dag.py:4180} INFO - Setting next_dagrun for first_dag to 2026-08-21 00:00:00+00:00, run_after=2026-08-22 00:00:00+00:00
[2026-08-21T14:37:04.517+0000] {processor.py:208} INFO - Processing /opt/airflow/dags/first_dag.py took 0.293 seconds
[2026-08-21T14:37:34.761+0000] {processor.py:186} INFO - Started process (PID=835) to work on /opt/airflow/dags/first_dag.py
[2026-08-21T14:37:34.763+0000] {processor.py:914} INFO - Processing file /opt/airflow/dags/first_dag.py for tasks to queue
[2026-08-21T14:37:34.766+0000] {logging_mixin.py:190} INFO - [2026-08-21T14:37:34.766+0000] {dagbag.py:588} INFO - Filling up the DagBag from /opt/airflow/dags/first_dag.py
[2026-08-21T14:37:34.811+0000] {processor.py:925} INFO - DAG(s) 'first_dag' retrieved from /opt/airflow/dags/first_dag.py
[2026-08-21T14:37:34.847+0000] {logging_mixin.py:190} INFO - [2026-08-21T14:37:34.847+0000] {dag.py:3239} INFO - Sync 1 DAGs
[2026-08-21T14:37:34.874+0000] {logging_mixin.py:190} INFO - [2026-08-21T14:37:34.873+0000] {dag.py:4180} INFO - Setting next_dagrun for first_dag to 2026-08-21 00:00:00+00:00, run_after=2026-08-22 00:00:00+00:00
[2026-08-21T14:37:34.900+0000] {processor.py:208} INFO - Processing /opt/airflow/dags/first_dag.py took 0.145 seconds
[2026-08-21T14:38:05.263+0000] {processor.py:186} INFO - Started process (PID=840) to work on /opt/airflow/dags/first_dag.py
[2026-08-21T14:38:05.265+0000] {processor.py:914} INFO - Processing file /opt/airflow/dags/first_dag.py for tasks to queue
[2026-08-21T14:38:05.268+0000] {logging_mixin.py:190} INFO - [2026-08-21T14:38:05.268+0000] {dagbag.py:588} INFO - Filling up the DagBag from /opt/airflow/dags/first_dag.py
[2026-08-21T14:38:05.294+0000] {processor.py:925} INFO - DAG(s) 'first_dag' retrieved from /opt/airflow/dags/first_dag.py
[2026-08-21T14:38:05.324+0000] {logging_mixin.py:190} INFO - [2026-08-21T14:38:05.324+0000] {dag.py:3239} INFO - Sync 1 DAGs
[2026-08-21T14:38:05.352+0000] {logging_mixin.py:190} INFO - [2026-08-21T14:38:05.352+0000] {dag.py:4180} INFO - Setting next_dagrun for first_dag to 2026-08-21 00:00:00+00:00, run_after=2026-08-22 00:00:00+00:00
[2026-08-21T14:38:05.373+0000] {processor.py:208} INFO - Processing /opt/airflow/dags/first_dag.py took 0.116 seconds
[2026-08-21T14:38:35.705+0000] {processor.py:186} INFO - Started process (PID=845) to work on /opt/airflow/dags/first_dag.py
[2026-08-21T14:38:35.707+0000] {processor.py:914} INFO - Processing file /opt/airflow/dags/first_dag.py for tasks to queue
[2026-08-21T14:38:35.709+0000] {logging_mixin.py:190} INFO - [2026-08-21T14:38:35.709+0000] {dagbag.py:588} INFO - Filling up the DagBag from /opt/airflow/dags/first_dag.py
[2026-08-21T14:38:35.732+0000] {processor.py:925} INFO - DAG(s) 'first_dag' retrieved from /opt/airflow/dags/first_dag.py
[2026-08-21T14:38:35.759+0000] {logging_mixin.py:190} INFO - [2026-08-21T14:38:35.759+0000] {dag.py:3239} INFO - Sync 1 DAGs
[2026-08-21T14:38:35.782+0000] {logging_mixin.py:190} INFO - [2026-08-21T14:38:35.782+0000] {dag.py:4180} INFO - Setting next_dagrun for first_dag to 2026-08-21 00:00:00+00:00, run_after=2026-08-22 00:00:00+00:00
[2026-08-21T14:38:35.806+0000] {processor.py:208} INFO - Processing /opt/airflow/dags/first_dag.py took 0.107 seconds
[2026-08-21T14:39:06.070+0000] {processor.py:186} INFO - Started process (PID=850) to work on /opt/airflow/dags/first_dag.py
[2026-08-21T14:39:06.072+0000] {processor.py:914} INFO - Processing file /opt/airflow/dags/first_dag.py for tasks to queue
[2026-08-21T14:39:06.075+0000] {logging_mixin.py:190} INFO - [2026-08-21T14:39:06.075+0000] {dagbag.py:588} INFO - Filling up the DagBag from /opt/airflow/dags/first_dag.py
[2026-08-21T14:39:06.101+0000] {processor.py:925} INFO - DAG(s) 'first_dag' retrieved from /opt/airflow/dags/first_dag.py
[2026-08-21T14:39:06.131+0000] {logging_mixin.py:190} INFO - [2026-08-21T14:39:06.131+0000] {dag.py:3239} INFO - Sync 1 DAGs
[2026-08-21T14:39:06.315+0000] {logging_mixin.py:190} INFO - [2026-08-21T14:39:06.314+0000] {dag.py:4180} INFO - Setting next_dagrun for first_dag to 2026-08-21 00:00:00+00:00, run_after=2026-08-22 00:00:00+00:00
[2026-08-21T14:39:06.340+0000] {processor.py:208} INFO - Processing /opt/airflow/dags/first_dag.py took 0.278 seconds
[2026-08-21T14:39:36.543+0000] {processor.py:186} INFO - Started process (PID=855) to work on /opt/airflow/dags/first_dag.py
[2026-08-21T14:39:36.545+0000] {processor.py:914} INFO - Processing file /opt/airflow/dags/first_dag.py for tasks to queue
[2026-08-21T14:39:36.548+0000] {logging_mixin.py:190} INFO - [2026-08-21T14:39:36.547+0000] {dagbag.py:588} INFO - Filling up the DagBag from /opt/airflow/dags/first_dag.py
[2026-08-21T14:39:36.571+0000] {processor.py:925} INFO - DAG(s) 'first_dag' retrieved from /opt/airflow/dags/first_dag.py
[2026-08-21T14:39:36.607+0000] {logging_mixin.py:190} INFO - [2026-08-21T14:39:36.606+0000] {dag.py:3239} INFO - Sync 1 DAGs
[2026-08-21T14:39:36.815+0000] {logging_mixin.py:190} INFO - [2026-08-21T14:39:36.815+0000] {dag.py:4180} INFO - Setting next_dagrun for first_dag to 2026-08-21 00:00:00+00:00, run_after=2026-08-22 00:00:00+00:00
[2026-08-21T14:39:36.838+0000] {processor.py:208} INFO - Processing /opt/airflow/dags/first_dag.py took 0.303 seconds
[2026-08-21T14:40:07.195+0000] {processor.py:186} INFO - Started process (PID=860) to work on /opt/airflow/dags/first_dag.py
[2026-08-21T14:40:07.196+0000] {processor.py:914} INFO - Processing file /opt/airflow/dags/first_dag.py for tasks to queue
[2026-08-21T14:40:07.200+0000] {logging_mixin.py:190} INFO - [2026-08-21T14:40:07.200+0000] {dagbag.py:588} INFO - Filling up the DagBag from /opt/airflow/dags/first_dag.py
[2026-08-21T14:40:07.221+0000] {processor.py:925} INFO - DAG(s) 'first_dag' retrieved from /opt/airflow/dags/first_dag.py
[2026-08-21T14:40:07.418+0000] {logging_mixin.py:190} INFO - [2026-08-21T14:40:07.418+0000] {dag.py:3239} INFO - Sync 1 DAGs
[2026-08-21T14:40:07.441+0000] {logging_mixin.py:190} INFO - [2026-08-21T14:40:07.441+0000] {dag.py:4180} INFO - Setting next_dagrun for first_dag to 2026-08-21 00:00:00+00:00, run_after=2026-08-22 00:00:00+00:00
[2026-08-21T14:40:07.461+0000] {processor.py:208} INFO - Processing /opt/airflow/dags/first_dag.py took 0.273 seconds
[2026-08-21T14:40:37.617+0000] {processor.py:186} INFO - Started process (PID=865) to work on /opt/airflow/dags/first_dag.py
[2026-08-21T14:40:37.619+0000] {processor.py:914} INFO - Processing file /opt/airflow/dags/first_dag.py for tasks to queue
[2026-08-21T14:40:37.791+0000] {logging_mixin.py:190} INFO - [2026-08-21T14:40:37.791+0000] {dagbag.py:588} INFO - Filling up the DagBag from /opt/airflow/dags/first_dag.py
[2026-08-21T14:40:37.811+0000] {processor.py:925} INFO - DAG(s) 'first_dag' retrieved from /opt/airflow/dags/first_dag.py
[2026-08-21T14:40:37.843+0000] {logging_mixin.py:190} INFO - [2026-08-21T14:40:37.843+0000] {dag.py:3239} INFO - Sync 1 DAGs
[2026-08-21T14:40:37.868+0000] {logging_mixin.py:190} INFO - [2026-08-21T14:40:37.867+0000] {dag.py:4180} INFO - Setting next_dagrun for first_dag to 2026-08-21 00:00:00+00:00, run_after=2026-08-22 00:00:00+00:00
[2026-08-21T14:40:37.888+0000] {processor.py:208} INFO - Processing /opt/airflow/dags/first_dag.py took 0.281 seconds
[2026-08-21T14:41:08.421+0000] {processor.py:186} INFO - Started process (PID=870) to work on /opt/airflow/dags/first_dag.py
[2026-08-21T14:41:08.423+0000] {processor.py:914} INFO - Processing file /opt/airflow/dags/first_dag.py for tasks to queue
[2026-08-21T14:41:08.428+0000] {logging_mixin.py:190} INFO - [2026-08-21T14:41:08.427+0000] {dagbag.py:588} INFO - Filling up the DagBag from /opt/airflow/dags/first_dag.py
[2026-08-21T14:41:08.455+0000] {processor.py:925} INFO - DAG(s) 'first_dag' retrieved from /opt/airflow/dags/first_dag.py
[2026-08-21T14:41:08.490+0000] {logging_mixin.py:190} INFO - [2026-08-21T14:41:08.489+0000] {dag.py:3239} INFO - Sync 1 DAGs
[2026-08-21T14:41:08.519+0000] {logging_mixin.py:190} INFO - [2026-08-21T14:41:08.519+0000] {dag.py:4180} INFO - Setting next_dagrun for first_dag to 2026-08-21 00:00:00+00:00, run_after=2026-08-22 00:00:00+00:00
[2026-08-21T14:41:08.541+0000] {processor.py:208} INFO - Processing /opt/airflow/dags/first_dag.py took 0.127 seconds
[2026-08-21T14:41:38.807+0000] {processor.py:186} INFO - Started process (PID=875) to work on /opt/airflow/dags/first_dag.py
[2026-08-21T14:41:38.809+0000] {processor.py:914} INFO - Processing file /opt/airflow/dags/first_dag.py for tasks to queue
[2026-08-21T14:41:38.813+0000] {logging_mixin.py:190} INFO - [2026-08-21T14:41:38.812+0000] {dagbag.py:588} INFO - Filling up the DagBag from /opt/airflow/dags/first_dag.py
[2026-08-21T14:41:38.834+0000] {processor.py:925} INFO - DAG(s) 'first_dag' retrieved from /opt/airflow/dags/first_dag.py
[2026-08-21T14:41:38.865+0000] {logging_mixin.py:190} INFO - [2026-08-21T14:41:38.865+0000] {dag.py:3239} INFO - Sync 1 DAGs
[2026-08-21T14:41:38.892+0000] {logging_mixin.py:190} INFO - [2026-08-21T14:41:38.891+0000] {dag.py:4180} INFO - Setting next_dagrun for first_dag to 2026-08-21 00:00:00+00:00, run_after=2026-08-22 00:00:00+00:00
[2026-08-21T14:41:38.917+0000] {processor.py:208} INFO - Processing /opt/airflow/dags/first_dag.py took 0.120 seconds
[2026-08-21T14:42:09.230+0000] {processor.py:186} INFO - Started process (PID=880) to work on /opt/airflow/dags/first_dag.py
[2026-08-21T14:42:09.232+0000] {processor.py:914} INFO - Processing file /opt/airflow/dags/first_dag.py for tasks to queue
[2026-08-21T14:42:09.235+0000] {logging_mixin.py:190} INFO - [2026-08-21T14:42:09.235+0000] {dagbag.py:588} INFO - Filling up the DagBag from /opt/airflow/dags/first_dag.py
[2026-08-21T14:42:09.259+0000] {processor.py:925} INFO - DAG(s) 'first_dag' retrieved from /opt/airflow/dags/first_dag.py
[2026-08-21T14:42:09.289+0000] {logging_mixin.py:190} INFO - [2026-08-21T14:42:09.289+0000] {dag.py:3239} INFO - Sync 1 DAGs
[2026-08-21T14:42:09.321+0000] {logging_mixin.py:190} INFO - [2026-08-21T14:42:09.321+0000] {dag.py:4180} INFO - Setting next_dagrun for first_dag to 2026-08-21 00:00:00+00:00, run_after=2026-08-22 00:00:00+00:00
[2026-08-21T14:42:09.384+0000] {processor.py:208} INFO - Processing /opt/airflow/dags/first_dag.py took 0.160 seconds
[2026-08-21T14:42:39.684+0000] {processor.py:186} INFO - Started process (PID=885) to work on /opt/airflow/dags/first_dag.py
[2026-08-21T14:42:39.686+0000] {processor.py:914} INFO - Processing file /opt/airflow/dags/first_dag.py for tasks to queue
[2026-08-21T14:42:39.691+0000] {logging_mixin.py:190} INFO - [2026-08-21T14:42:39.690+0000] {dagbag.py:588} INFO - Filling up the DagBag from /opt/airflow/dags/first_dag.py
[2026-08-21T14:42:39.714+0000] {processor.py:925} INFO - DAG(s) 'first_dag' retrieved from /opt/airflow/dags/first_dag.py
[2026-08-21T14:42:39.749+0000] {logging_mixin.py:190} INFO - [2026-08-21T14:42:39.749+0000] {dag.py:3239} INFO - Sync 1 DAGs
[2026-08-21T14:42:39.775+0000] {logging_mixin.py:190} INFO - [2026-08-21T14:42:39.775+0000] {dag.py:4180} INFO - Setting next_dagrun for first_dag to 2026-08-21 00:00:00+00:00, run_after=2026-08-22 00:00:00+00:00
[2026-08-21T14:42:39.798+0000] {processor.py:208} INFO - Processing /opt/airflow/dags/first_dag.py took 0.128 seconds
[2026-08-21T14:43:10.114+0000] {processor.py:186} INFO - Started process (PID=890) to work on /opt/airflow/dags/first_dag.py
[2026-08-21T14:43:10.116+0000] {processor.py:914} INFO - Processing file /opt/airflow/dags/first_dag.py for tasks to queue
[2026-08-21T14:43:10.119+0000] {logging_mixin.py:190} INFO - [2026-08-21T14:43:10.119+0000] {dagbag.py:588} INFO - Filling up the DagBag from /opt/airflow/dags/first_dag.py
[2026-08-21T14:43:10.140+0000] {processor.py:925} INFO - DAG(s) 'first_dag' retrieved from /opt/airflow/dags/first_dag.py
[2026-08-21T14:43:10.176+0000] {logging_mixin.py:190} INFO - [2026-08-21T14:43:10.175+0000] {dag.py:3239} INFO - Sync 1 DAGs
[2026-08-21T14:43:10.203+0000] {logging_mixin.py:190} INFO - [2026-08-21T14:43:10.203+0000] {dag.py:4180} INFO - Setting next_dagrun for first_dag to 2026-08-21 00:00:00+00:00, run_after=2026-08-22 00:00:00+00:00
[2026-08-21T14:43:10.229+0000] {processor.py:208} INFO - Processing /opt/airflow/dags/first_dag.py took 0.123 seconds
[2026-08-21T14:43:40.477+0000] {processor.py:186} INFO - Started process (PID=895) to work on /opt/airflow/dags/first_dag.py
[2026-08-21T14:43:40.480+0000] {processor.py:914} INFO - Processing file /opt/airflow/dags/first_dag.py for tasks to queue
[2026-08-21T14:43:40.485+0000] {logging_mixin.py:190} INFO - [2026-08-21T14:43:40.485+0000] {dagbag.py:588} INFO - Filling up the DagBag from /opt/airflow/dags/first_dag.py
[2026-08-21T14:43:40.510+0000] {processor.py:925} INFO - DAG(s) 'first_dag' retrieved from /opt/airflow/dags/first_dag.py
[2026-08-21T14:43:40.554+0000] {logging_mixin.py:190} INFO - [2026-08-21T14:43:40.553+0000] {dag.py:3239} INFO - Sync 1 DAGs
[2026-08-21T14:43:40.606+0000] {logging_mixin.py:190} INFO - [2026-08-21T14:43:40.606+0000] {dag.py:4180} INFO - Setting next_dagrun for first_dag to 2026-08-21 00:00:00+00:00, run_after=2026-08-22 00:00:00+00:00
[2026-08-21T14:43:40.641+0000] {processor.py:208} INFO - Processing /opt/airflow/dags/first_dag.py took 0.172 seconds
[2026-08-21T14:44:11.071+0000] {processor.py:186} INFO - Started process (PID=900) to work on /opt/airflow/dags/first_dag.py
[2026-08-21T14:44:11.074+0000] {processor.py:914} INFO - Processing file /opt/airflow/dags/first_dag.py for tasks to queue
[2026-08-21T14:44:11.078+0000] {logging_mixin.py:190} INFO - [2026-08-21T14:44:11.077+0000] {dagbag.py:588} INFO - Filling up the DagBag from /opt/airflow/dags/first_dag.py
[2026-08-21T14:44:11.109+0000] {processor.py:925} INFO - DAG(s) 'first_dag' retrieved from /opt/airflow/dags/first_dag.py
[2026-08-21T14:44:11.147+0000] {logging_mixin.py:190} INFO - [2026-08-21T14:44:11.147+0000] {dag.py:3239} INFO - Sync 1 DAGs
[2026-08-21T14:44:11.179+0000] {logging_mixin.py:190} INFO - [2026-08-21T14:44:11.179+0000] {dag.py:4180} INFO - Setting next_dagrun for first_dag to 2026-08-21 00:00:00+00:00, run_after=2026-08-22 00:00:00+00:00
[2026-08-21T14:44:11.210+0000] {processor.py:208} INFO - Processing /opt/airflow/dags/first_dag.py took 0.150 seconds
[2026-08-21T14:44:41.394+0000] {processor.py:186} INFO - Started process (PID=905) to work on /opt/airflow/dags/first_dag.py
[2026-08-21T14:44:41.396+0000] {processor.py:914} INFO - Processing file /opt/airflow/dags/first_dag.py for tasks to queue
[2026-08-21T14:44:41.399+0000] {logging_mixin.py:190} INFO - [2026-08-21T14:44:41.399+0000] {dagbag.py:588} INFO - Filling up the DagBag from /opt/airflow/dags/first_dag.py
[2026-08-21T14:44:41.422+0000] {processor.py:925} INFO - DAG(s) 'first_dag' retrieved from /opt/airflow/dags/first_dag.py
[2026-08-21T14:44:41.452+0000] {logging_mixin.py:190} INFO - [2026-08-21T14:44:41.451+0000] {dag.py:3239} INFO - Sync 1 DAGs
[2026-08-21T14:44:41.477+0000] {logging_mixin.py:190} INFO - [2026-08-21T14:44:41.477+0000] {dag.py:4180} INFO - Setting next_dagrun for first_dag to 2026-08-21 00:00:00+00:00, run_after=2026-08-22 00:00:00+00:00
[2026-08-21T14:44:41.502+0000] {processor.py:208} INFO - Processing /opt/airflow/dags/first_dag.py took 0.114 seconds
[2026-08-21T14:45:11.754+0000] {processor.py:186} INFO - Started process (PID=910) to work on /opt/airflow/dags/first_dag.py
[2026-08-21T14:45:11.756+0000] {processor.py:914} INFO - Processing file /opt/airflow/dags/first_dag.py for tasks to queue
[2026-08-21T14:45:11.759+0000] {logging_mixin.py:190} INFO - [2026-08-21T14:45:11.759+0000] {dagbag.py:588} INFO - Filling up the DagBag from /opt/airflow/dags/first_dag.py
[2026-08-21T14:45:11.783+0000] {processor.py:925} INFO - DAG(s) 'first_dag' retrieved from /opt/airflow/dags/first_dag.py
[2026-08-21T14:45:11.814+0000] {logging_mixin.py:190} INFO - [2026-08-21T14:45:11.813+0000] {dag.py:3239} INFO - Sync 1 DAGs
[2026-08-21T14:45:11.841+0000] {logging_mixin.py:190} INFO - [2026-08-21T14:45:11.841+0000] {dag.py:4180} INFO - Setting next_dagrun for first_dag to 2026-08-21 00:00:00+00:00, run_after=2026-08-22 00:00:00+00:00
[2026-08-21T14:45:11.862+0000] {processor.py:208} INFO - Processing /opt/airflow/dags/first_dag.py took 0.114 seconds
[2026-08-21T14:45:42.209+0000] {processor.py:186} INFO - Started process (PID=915) to work on /opt/airflow/dags/first_dag.py
[2026-08-21T14:45:42.211+0000] {processor.py:914} INFO - Processing file /opt/airflow/dags/first_dag.py for tasks to queue
[2026-08-21T14:45:42.215+0000] {logging_mixin.py:190} INFO - [2026-08-21T14:45:42.214+0000] {dagbag.py:588} INFO - Filling up the DagBag from /opt/airflow/dags/first_dag.py
[2026-08-21T14:45:42.238+0000] {processor.py:925} INFO - DAG(s) 'first_dag' retrieved from /opt/airflow/dags/first_dag.py
[2026-08-21T14:45:42.276+0000] {logging_mixin.py:190} INFO - [2026-08-21T14:45:42.275+0000] {dag.py:3239} INFO - Sync 1 DAGs
[2026-08-21T14:45:42.304+0000] {logging_mixin.py:190} INFO - [2026-08-21T14:45:42.303+0000] {dag.py:4180} INFO - Setting next_dagrun for first_dag to 2026-08-21 00:00:00+00:00, run_after=2026-08-22 00:00:00+00:00
[2026-08-21T14:45:42.326+0000] {processor.py:208} INFO - Processing /opt/airflow/dags/first_dag.py took 0.126 seconds
[2026-08-21T14:46:12.643+0000] {processor.py:186} INFO - Started process (PID=920) to work on /opt/airflow/dags/first_dag.py
[2026-08-21T14:46:12.644+0000] {processor.py:914} INFO - Processing file /opt/airflow/dags/first_dag.py for tasks to queue
[2026-08-21T14:46:12.648+0000] {logging_mixin.py:190} INFO - [2026-08-21T14:46:12.647+0000] {dagbag.py:588} INFO - Filling up the DagBag from /opt/airflow/dags/first_dag.py
[2026-08-21T14:46:12.734+0000] {processor.py:925} INFO - DAG(s) 'first_dag' retrieved from /opt/airflow/dags/first_dag.py
[2026-08-21T14:46:12.774+0000] {logging_mixin.py:190} INFO - [2026-08-21T14:46:12.774+0000] {dag.py:3239} INFO - Sync 1 DAGs
[2026-08-21T14:46:12.818+0000] {logging_mixin.py:190} INFO - [2026-08-21T14:46:12.818+0000] {dag.py:4180} INFO - Setting next_dagrun for first_dag to 2026-08-21 00:00:00+00:00, run_after=2026-08-22 00:00:00+00:00
[2026-08-21T14:46:12.855+0000] {processor.py:208} INFO - Processing /opt/airflow/dags/first_dag.py took 0.219 seconds
[2026-08-21T14:46:43.165+0000] {processor.py:186} INFO - Started process (PID=925) to work on /opt/airflow/dags/first_dag.py
[2026-08-21T14:46:43.166+0000] {processor.py:914} INFO - Processing file /opt/airflow/dags/first_dag.py for tasks to queue
[2026-08-21T14:46:43.169+0000] {logging_mixin.py:190} INFO - [2026-08-21T14:46:43.169+0000] {dagbag.py:588} INFO - Filling up the DagBag from /opt/airflow/dags/first_dag.py
[2026-08-21T14:46:43.188+0000] {processor.py:925} INFO - DAG(s) 'first_dag' retrieved from /opt/airflow/dags/first_dag.py
[2026-08-21T14:46:43.217+0000] {logging_mixin.py:190} INFO - [2026-08-21T14:46:43.217+0000] {dag.py:3239} INFO - Sync 1 DAGs
[2026-08-21T14:46:43.244+0000] {logging_mixin.py:190} INFO - [2026-08-21T14:46:43.243+0000] {dag.py:4180} INFO - Setting next_dagrun for first_dag to 2026-08-21 00:00:00+00:00, run_after=2026-08-22 00:00:00+00:00
[2026-08-21T14:46:43.267+0000] {processor.py:208} INFO - Processing /opt/airflow/dags/first_dag.py took 0.110 seconds
[2026-08-21T14:47:13.605+0000] {processor.py:186} INFO - Started process (PID=930) to work on /opt/airflow/dags/first_dag.py
[2026-08-21T14:47:13.606+0000] {processor.py:914} INFO - Processing file /opt/airflow/dags/first_dag.py for tasks to queue
[2026-08-21T14:47:13.610+0000] {logging_mixin.py:190} INFO - [2026-08-21T14:47:13.610+0000] {dagbag.py:588} INFO - Filling up the DagBag from /opt/airflow/dags/first_dag.py
[2026-08-21T14:47:13.635+0000] {processor.py:925} INFO - DAG(s) 'first_dag' retrieved from /opt/airflow/dags/first_dag.py
[2026-08-21T14:47:13.666+0000] {logging_mixin.py:190} INFO - [2026-08-21T14:47:13.666+0000] {dag.py:3239} INFO - Sync 1 DAGs
[2026-08-21T14:47:13.691+0000] {logging_mixin.py:190} INFO - [2026-08-21T14:47:13.691+0000] {dag.py:4180} INFO - Setting next_dagrun for first_dag to 2026-08-21 00:00:00+00:00, run_after=2026-08-22 00:00:00+00:00
[2026-08-21T14:47:13.716+0000] {processor.py:208} INFO - Processing /opt/airflow/dags/first_dag.py took 0.119 seconds
[2026-08-21T14:47:43.990+0000] {processor.py:186} INFO - Started process (PID=935) to work on /opt/airflow/dags/first_dag.py
[2026-08-21T14:47:43.992+0000] {processor.py:914} INFO - Processing file /opt/airflow/dags/first_dag.py for tasks to queue
[2026-08-21T14:47:43.996+0000] {logging_mixin.py:190} INFO - [2026-08-21T14:47:43.995+0000] {dagbag.py:588} INFO - Filling up the DagBag from /opt/airflow/dags/first_dag.py
[2026-08-21T14:47:44.018+0000] {processor.py:925} INFO - DAG(s) 'first_dag' retrieved from /opt/airflow/dags/first_dag.py
[2026-08-21T14:47:44.054+0000] {logging_mixin.py:190} INFO - [2026-08-21T14:47:44.054+0000] {dag.py:3239} INFO - Sync 1 DAGs
[2026-08-21T14:47:44.122+0000] {logging_mixin.py:190} INFO - [2026-08-21T14:47:44.121+0000] {dag.py:4180} INFO - Setting next_dagrun for first_dag to 2026-08-21 00:00:00+00:00, run_after=2026-08-22 00:00:00+00:00
[2026-08-21T14:47:44.174+0000] {processor.py:208} INFO - Processing /opt/airflow/dags/first_dag.py took 0.192 seconds
[2026-08-21T14:48:14.529+0000] {processor.py:186} INFO - Started process (PID=940) to work on /opt/airflow/dags/first_dag.py
[2026-08-21T14:48:14.531+0000] {processor.py:914} INFO - Processing file /opt/airflow/dags/first_dag.py for tasks to queue
[2026-08-21T14:48:14.535+0000] {logging_mixin.py:190} INFO - [2026-08-21T14:48:14.535+0000] {dagbag.py:588} INFO - Filling up the DagBag from /opt/airflow/dags/first_dag.py
[2026-08-21T14:48:14.564+0000] {processor.py:925} INFO - DAG(s) 'first_dag' retrieved from /opt/airflow/dags/first_dag.py
[2026-08-21T14:48:14.601+0000] {logging_mixin.py:190} INFO - [2026-08-21T14:48:14.601+0000] {dag.py:3239} INFO - Sync 1 DAGs
[2026-08-21T14:48:14.633+0000] {logging_mixin.py:190} INFO - [2026-08-21T14:48:14.633+0000] {dag.py:4180} INFO - Setting next_dagrun for first_dag to 2026-08-21 00:00:00+00:00, run_after=2026-08-22 00:00:00+00:00
[2026-08-21T14:48:14.660+0000] {processor.py:208} INFO - Processing /opt/airflow/dags/first_dag.py took 0.140 seconds
[2026-08-21T14:48:44.896+0000] {processor.py:186} INFO - Started process (PID=945) to work on /opt/airflow/dags/first_dag.py
[2026-08-21T14:48:44.897+0000] {processor.py:914} INFO - Processing file /opt/airflow/dags/first_dag.py for tasks to queue
[2026-08-21T14:48:44.900+0000] {logging_mixin.py:190} INFO - [2026-08-21T14:48:44.900+0000] {dagbag.py:588} INFO - Filling up the DagBag from /opt/airflow/dags/first_dag.py
[2026-08-21T14:48:44.919+0000] {processor.py:925} INFO - DAG(s) 'first_dag' retrieved from /opt/airflow/dags/first_dag.py
[2026-08-21T14:48:44.952+0000] {logging_mixin.py:190} INFO - [2026-08-21T14:48:44.952+0000] {dag.py:3239} INFO - Sync 1 DAGs
[2026-08-21T14:48:44.980+0000] {logging_mixin.py:190} INFO - [2026-08-21T14:48:44.979+0000] {dag.py:4180} INFO - Setting next_dagrun for first_dag to 2026-08-21 00:00:00+00:00, run_after=2026-08-22 00:00:00+00:00
[2026-08-21T14:48:45.005+0000] {processor.py:208} INFO - Processing /opt/airflow/dags/first_dag.py took 0.117 seconds
[2026-08-21T14:49:15.367+0000] {processor.py:186} INFO - Started process (PID=950) to work on /opt/airflow/dags/first_dag.py
[2026-08-21T14:49:15.368+0000] {processor.py:914} INFO - Processing file /opt/airflow/dags/first_dag.py for tasks to queue
[2026-08-21T14:49:15.372+0000] {logging_mixin.py:190} INFO - [2026-08-21T14:49:15.371+0000] {dagbag.py:588} INFO - Filling up the DagBag from /opt/airflow/dags/first_dag.py
[2026-08-21T14:49:15.393+0000] {processor.py:925} INFO - DAG(s) 'first_dag' retrieved from /opt/airflow/dags/first_dag.py
[2026-08-21T14:49:15.428+0000] {logging_mixin.py:190} INFO - [2026-08-21T14:49:15.428+0000] {dag.py:3239} INFO - Sync 1 DAGs
[2026-08-21T14:49:15.456+0000] {logging_mixin.py:190} INFO - [2026-08-21T14:49:15.456+0000] {dag.py:4180} INFO - Setting next_dagrun for first_dag to 2026-08-21 00:00:00+00:00, run_after=2026-08-22 00:00:00+00:00
[2026-08-21T14:49:15.478+0000] {processor.py:208} INFO - Processing /opt/airflow/dags/first_dag.py took 0.118 seconds
[2026-08-21T14:49:45.711+0000] {processor.py:186} INFO - Started process (PID=955) to work on /opt/airflow/dags/first_dag.py
[2026-08-21T14:49:45.712+0000] {processor.py:914} INFO - Processing file /opt/airflow/dags/first_dag.py for tasks to queue
[2026-08-21T14:49:45.717+0000] {logging_mixin.py:190} INFO - [2026-08-21T14:49:45.716+0000] {dagbag.py:588} INFO - Filling up the DagBag from /opt/airflow/dags/first_dag.py
[2026-08-21T14:49:45.739+0000] {processor.py:925} INFO - DAG(s) 'first_dag' retrieved from /opt/airflow/dags/first_dag.py
[2026-08-21T14:49:45.774+0000] {logging_mixin.py:190} INFO - [2026-08-21T14:49:45.774+0000] {dag.py:3239} INFO - Sync 1 DAGs
[2026-08-21T14:49:45.804+0000] {logging_mixin.py:190} INFO - [2026-08-21T14:49:45.804+0000] {dag.py:4180} INFO - Setting next_dagrun for first_dag to 2026-08-21 00:00:00+00:00, run_after=2026-08-22 00:00:00+00:00
[2026-08-21T14:49:45.829+0000] {processor.py:208} INFO - Processing /opt/airflow/dags/first_dag.py took 0.127 seconds
[2026-08-21T14:50:16.105+0000] {processor.py:186} INFO - Started process (PID=960) to work on /opt/airflow/dags/first_dag.py
[2026-08-21T14:50:16.107+0000] {processor.py:914} INFO - Processing file /opt/airflow/dags/first_dag.py for tasks to queue
[2026-08-21T14:50:16.110+0000] {logging_mixin.py:190} INFO - [2026-08-21T14:50:16.110+0000] {dagbag.py:588} INFO - Filling up the DagBag from /opt/airflow/dags/first_dag.py
[2026-08-21T14:50:16.135+0000] {processor.py:925} INFO - DAG(s) 'first_dag' retrieved from /opt/airflow/dags/first_dag.py
[2026-08-21T14:50:16.165+0000] {logging_mixin.py:190} INFO - [2026-08-21T14:50:16.165+0000] {dag.py:3239} INFO - Sync 1 DAGs
[2026-08-21T14:50:16.190+0000] {logging_mixin.py:190} INFO - [2026-08-21T14:50:16.190+0000] {dag.py:4180} INFO - Setting next_dagrun for first_dag to 2026-08-21 00:00:00+00:00, run_after=2026-08-22 00:00:00+00:00
[2026-08-21T14:50:16.215+0000] {processor.py:208} INFO - Processing /opt/airflow/dags/first_dag.py took 0.118 seconds
[2026-08-21T14:50:46.610+0000] {processor.py:186} INFO - Started process (PID=965) to work on /opt/airflow/dags/first_dag.py
[2026-08-21T14:50:46.611+0000] {processor.py:914} INFO - Processing file /opt/airflow/dags/first_dag.py for tasks to queue
[2026-08-21T14:50:46.614+0000] {logging_mixin.py:190} INFO - [2026-08-21T14:50:46.614+0000] {dagbag.py:588} INFO - Filling up the DagBag from /opt/airflow/dags/first_dag.py
[2026-08-21T14:50:46.635+0000] {processor.py:925} INFO - DAG(s) 'first_dag' retrieved from /opt/airflow/dags/first_dag.py
[2026-08-21T14:50:46.669+0000] {logging_mixin.py:190} INFO - [2026-08-21T14:50:46.668+0000] {dag.py:3239} INFO - Sync 1 DAGs
[2026-08-21T14:50:46.694+0000] {logging_mixin.py:190} INFO - [2026-08-21T14:50:46.694+0000] {dag.py:4180} INFO - Setting next_dagrun for first_dag to 2026-08-21 00:00:00+00:00, run_after=2026-08-22 00:00:00+00:00
[2026-08-21T14:50:46.716+0000] {processor.py:208} INFO - Processing /opt/airflow/dags/first_dag.py took 0.112 seconds
[2026-08-21T14:51:17.047+0000] {processor.py:186} INFO - Started process (PID=970) to work on /opt/airflow/dags/first_dag.py
[2026-08-21T14:51:17.048+0000] {processor.py:914} INFO - Processing file /opt/airflow/dags/first_dag.py for tasks to queue
[2026-08-21T14:51:17.051+0000] {logging_mixin.py:190} INFO - [2026-08-21T14:51:17.051+0000] {dagbag.py:588} INFO - Filling up the DagBag from /opt/airflow/dags/first_dag.py
[2026-08-21T14:51:17.074+0000] {processor.py:925} INFO - DAG(s) 'first_dag' retrieved from /opt/airflow/dags/first_dag.py
[2026-08-21T14:51:17.103+0000] {logging_mixin.py:190} INFO - [2026-08-21T14:51:17.103+0000] {dag.py:3239} INFO - Sync 1 DAGs
[2026-08-21T14:51:17.128+0000] {logging_mixin.py:190} INFO - [2026-08-21T14:51:17.128+0000] {dag.py:4180} INFO - Setting next_dagrun for first_dag to 2026-08-21 00:00:00+00:00, run_after=2026-08-22 00:00:00+00:00
[2026-08-21T14:51:17.150+0000] {processor.py:208} INFO - Processing /opt/airflow/dags/first_dag.py took 0.111 seconds
[2026-08-21T14:51:47.460+0000] {processor.py:186} INFO - Started process (PID=975) to work on /opt/airflow/dags/first_dag.py
[2026-08-21T14:51:47.461+0000] {processor.py:914} INFO - Processing file /opt/airflow/dags/first_dag.py for tasks to queue
[2026-08-21T14:51:47.465+0000] {logging_mixin.py:190} INFO - [2026-08-21T14:51:47.465+0000] {dagbag.py:588} INFO - Filling up the DagBag from /opt/airflow/dags/first_dag.py
[2026-08-21T14:51:47.489+0000] {processor.py:925} INFO - DAG(s) 'first_dag' retrieved from /opt/airflow/dags/first_dag.py
[2026-08-21T14:51:47.520+0000] {logging_mixin.py:190} INFO - [2026-08-21T14:51:47.519+0000] {dag.py:3239} INFO - Sync 1 DAGs
[2026-08-21T14:51:47.548+0000] {logging_mixin.py:190} INFO - [2026-08-21T14:51:47.548+0000] {dag.py:4180} INFO - Setting next_dagrun for first_dag to 2026-08-21 00:00:00+00:00, run_after=2026-08-22 00:00:00+00:00
[2026-08-21T14:51:47.569+0000] {processor.py:208} INFO - Processing /opt/airflow/dags/first_dag.py took 0.117 seconds
[2026-08-21T14:52:17.782+0000] {processor.py:186} INFO - Started process (PID=980) to work on /opt/airflow/dags/first_dag.py
[2026-08-21T14:52:17.784+0000] {processor.py:914} INFO - Processing file /opt/airflow/dags/first_dag.py for tasks to queue
[2026-08-21T14:52:17.788+0000] {logging_mixin.py:190} INFO - [2026-08-21T14:52:17.787+0000] {dagbag.py:588} INFO - Filling up the DagBag from /opt/airflow/dags/first_dag.py
[2026-08-21T14:52:17.817+0000] {processor.py:925} INFO - DAG(s) 'first_dag' retrieved from /opt/airflow/dags/first_dag.py
[2026-08-21T14:52:17.856+0000] {logging_mixin.py:190} INFO - [2026-08-21T14:52:17.855+0000] {dag.py:3239} INFO - Sync 1 DAGs
[2026-08-21T14:52:17.893+0000] {logging_mixin.py:190} INFO - [2026-08-21T14:52:17.892+0000] {dag.py:4180} INFO - Setting next_dagrun for first_dag to 2026-08-21 00:00:00+00:00, run_after=2026-08-22 00:00:00+00:00
[2026-08-21T14:52:17.925+0000] {processor.py:208} INFO - Processing /opt/airflow/dags/first_dag.py took 0.152 seconds
[2026-08-21T14:52:48.293+0000] {processor.py:186} INFO - Started process (PID=985) to work on /opt/airflow/dags/first_dag.py
[2026-08-21T14:52:48.295+0000] {processor.py:914} INFO - Processing file /opt/airflow/dags/first_dag.py for tasks to queue
[2026-08-21T14:52:48.300+0000] {logging_mixin.py:190} INFO - [2026-08-21T14:52:48.299+0000] {dagbag.py:588} INFO - Filling up the DagBag from /opt/airflow/dags/first_dag.py
[2026-08-21T14:52:48.328+0000] {processor.py:925} INFO - DAG(s) 'first_dag' retrieved from /opt/airflow/dags/first_dag.py
[2026-08-21T14:52:48.366+0000] {logging_mixin.py:190} INFO - [2026-08-21T14:52:48.366+0000] {dag.py:3239} INFO - Sync 1 DAGs
[2026-08-21T14:52:48.393+0000] {logging_mixin.py:190} INFO - [2026-08-21T14:52:48.393+0000] {dag.py:4180} INFO - Setting next_dagrun for first_dag to 2026-08-21 00:00:00+00:00, run_after=2026-08-22 00:00:00+00:00
[2026-08-21T14:52:48.419+0000] {processor.py:208} INFO - Processing /opt/airflow/dags/first_dag.py took 0.133 seconds
[2026-08-21T14:53:18.662+0000] {processor.py:186} INFO - Started process (PID=990) to work on /opt/airflow/dags/first_dag.py
[2026-08-21T14:53:18.663+0000] {processor.py:914} INFO - Processing file /opt/airflow/dags/first_dag.py for tasks to queue
[2026-08-21T14:53:18.668+0000] {logging_mixin.py:190} INFO - [2026-08-21T14:53:18.667+0000] {dagbag.py:588} INFO - Filling up the DagBag from /opt/airflow/dags/first_dag.py
[2026-08-21T14:53:18.688+0000] {processor.py:925} INFO - DAG(s) 'first_dag' retrieved from /opt/airflow/dags/first_dag.py
[2026-08-21T14:53:18.746+0000] {logging_mixin.py:190} INFO - [2026-08-21T14:53:18.745+0000] {dag.py:3239} INFO - Sync 1 DAGs
[2026-08-21T14:53:18.787+0000] {logging_mixin.py:190} INFO - [2026-08-21T14:53:18.787+0000] {dag.py:4180} INFO - Setting next_dagrun for first_dag to 2026-08-21 00:00:00+00:00, run_after=2026-08-22 00:00:00+00:00
[2026-08-21T14:53:18.831+0000] {processor.py:208} INFO - Processing /opt/airflow/dags/first_dag.py took 0.177 seconds
[2026-08-21T14:53:49.205+0000] {processor.py:186} INFO - Started process (PID=995) to work on /opt/airflow/dags/first_dag.py
[2026-08-21T14:53:49.207+0000] {processor.py:914} INFO - Processing file /opt/airflow/dags/first_dag.py for tasks to queue
[2026-08-21T14:53:49.212+0000] {logging_mixin.py:190} INFO - [2026-08-21T14:53:49.211+0000] {dagbag.py:588} INFO - Filling up the DagBag from /opt/airflow/dags/first_dag.py
[2026-08-21T14:53:49.237+0000] {processor.py:925} INFO - DAG(s) 'first_dag' retrieved from /opt/airflow/dags/first_dag.py
[2026-08-21T14:53:49.282+0000] {logging_mixin.py:190} INFO - [2026-08-21T14:53:49.282+0000] {dag.py:3239} INFO - Sync 1 DAGs
[2026-08-21T14:53:49.314+0000] {logging_mixin.py:190} INFO - [2026-08-21T14:53:49.313+0000] {dag.py:4180} INFO - Setting next_dagrun for first_dag to 2026-08-21 00:00:00+00:00, run_after=2026-08-22 00:00:00+00:00
[2026-08-21T14:53:49.337+0000] {processor.py:208} INFO - Processing /opt/airflow/dags/first_dag.py took 0.140 seconds
[2026-08-21T14:54:19.613+0000] {processor.py:186} INFO - Started process (PID=1000) to work on /opt/airflow/dags/first_dag.py
[2026-08-21T14:54:19.615+0000] {processor.py:914} INFO - Processing file /opt/airflow/dags/first_dag.py for tasks to queue
[2026-08-21T14:54:19.618+0000] {logging_mixin.py:190} INFO - [2026-08-21T14:54:19.617+0000] {dagbag.py:588} INFO - Filling up the DagBag from /opt/airflow/dags/first_dag.py
[2026-08-21T14:54:19.638+0000] {processor.py:925} INFO - DAG(s) 'first_dag' retrieved from /opt/airflow/dags/first_dag.py
[2026-08-21T14:54:19.669+0000] {logging_mixin.py:190} INFO - [2026-08-21T14:54:19.668+0000] {dag.py:3239} INFO - Sync 1 DAGs
[2026-08-21T14:54:19.692+0000] {logging_mixin.py:190} INFO - [2026-08-21T14:54:19.692+0000] {dag.py:4180} INFO - Setting next_dagrun for first_dag to 2026-08-21 00:00:00+00:00, run_after=2026-08-22 00:00:00+00:00
[2026-08-21T14:54:19.714+0000] {processor.py:208} INFO - Processing /opt/airflow/dags/first_dag.py took 0.108 seconds
[2026-08-21T14:54:50.023+0000] {processor.py:186} INFO - Started process (PID=1005) to work on /opt/airflow/dags/first_dag.py
[2026-08-21T14:54:50.025+0000] {processor.py:914} INFO - Processing file /opt/airflow/dags/first_dag.py for tasks to queue
[2026-08-21T14:54:50.028+0000] {logging_mixin.py:190} INFO - [2026-08-21T14:54:50.028+0000] {dagbag.py:588} INFO - Filling up the DagBag from /opt/airflow/dags/first_dag.py
[2026-08-21T14:54:50.051+0000] {processor.py:925} INFO - DAG(s) 'first_dag' retrieved from /opt/airflow/dags/first_dag.py
[2026-08-21T14:54:50.084+0000] {logging_mixin.py:190} INFO - [2026-08-21T14:54:50.083+0000] {dag.py:3239} INFO - Sync 1 DAGs
[2026-08-21T14:54:50.109+0000] {logging_mixin.py:190} INFO - [2026-08-21T14:54:50.109+0000] {dag.py:4180} INFO - Setting next_dagrun for first_dag to 2026-08-21 00:00:00+00:00, run_after=2026-08-22 00:00:00+00:00
[2026-08-21T14:54:50.131+0000] {processor.py:208} INFO - Processing /opt/airflow/dags/first_dag.py took 0.114 seconds
[2026-08-21T14:55:20.444+0000] {processor.py:186} INFO - Started process (PID=1010) to work on /opt/airflow/dags/first_dag.py
[2026-08-21T14:55:20.446+0000] {processor.py:914} INFO - Processing file /opt/airflow/dags/first_dag.py for tasks to queue
[2026-08-21T14:55:20.449+0000] {logging_mixin.py:190} INFO - [2026-08-21T14:55:20.449+0000] {dagbag.py:588} INFO - Filling up the DagBag from /opt/airflow/dags/first_dag.py
[2026-08-21T14:55:20.473+0000] {processor.py:925} INFO - DAG(s) 'first_dag' retrieved from /opt/airflow/dags/first_dag.py
[2026-08-21T14:55:20.502+0000] {logging_mixin.py:190} INFO - [2026-08-21T14:55:20.501+0000] {dag.py:3239} INFO - Sync 1 DAGs
[2026-08-21T14:55:20.526+0000] {logging_mixin.py:190} INFO - [2026-08-21T14:55:20.526+0000] {dag.py:4180} INFO - Setting next_dagrun for first_dag to 2026-08-21 00:00:00+00:00, run_after=2026-08-22 00:00:00+00:00
[2026-08-21T14:55:20.547+0000] {processor.py:208} INFO - Processing /opt/airflow/dags/first_dag.py took 0.109 seconds
[2026-08-21T14:55:50.767+0000] {processor.py:186} INFO - Started process (PID=1015) to work on /opt/airflow/dags/first_dag.py
[2026-08-21T14:55:50.769+0000] {processor.py:914} INFO - Processing file /opt/airflow/dags/first_dag.py for tasks to queue
[2026-08-21T14:55:50.773+0000] {logging_mixin.py:190} INFO - [2026-08-21T14:55:50.773+0000] {dagbag.py:588} INFO - Filling up the DagBag from /opt/airflow/dags/first_dag.py
[2026-08-21T14:55:50.801+0000] {processor.py:925} INFO - DAG(s) 'first_dag' retrieved from /opt/airflow/dags/first_dag.py
[2026-08-21T14:55:50.843+0000] {logging_mixin.py:190} INFO - [2026-08-21T14:55:50.843+0000] {dag.py:3239} INFO - Sync 1 DAGs
[2026-08-21T14:55:50.874+0000] {logging_mixin.py:190} INFO - [2026-08-21T14:55:50.874+0000] {dag.py:4180} INFO - Setting next_dagrun for first_dag to 2026-08-21 00:00:00+00:00, run_after=2026-08-22 00:00:00+00:00
[2026-08-21T14:55:50.902+0000] {processor.py:208} INFO - Processing /opt/airflow/dags/first_dag.py took 0.143 seconds
[2026-08-21T14:56:21.220+0000] {processor.py:186} INFO - Started process (PID=1020) to work on /opt/airflow/dags/first_dag.py
[2026-08-21T14:56:21.222+0000] {processor.py:914} INFO - Processing file /opt/airflow/dags/first_dag.py for tasks to queue
[2026-08-21T14:56:21.226+0000] {logging_mixin.py:190} INFO - [2026-08-21T14:56:21.226+0000] {dagbag.py:588} INFO - Filling up the DagBag from /opt/airflow/dags/first_dag.py
[2026-08-21T14:56:21.249+0000] {processor.py:925} INFO - DAG(s) 'first_dag' retrieved from /opt/airflow/dags/first_dag.py
[2026-08-21T14:56:21.283+0000] {logging_mixin.py:190} INFO - [2026-08-21T14:56:21.283+0000] {dag.py:3239} INFO - Sync 1 DAGs
[2026-08-21T14:56:21.314+0000] {logging_mixin.py:190} INFO - [2026-08-21T14:56:21.314+0000] {dag.py:4180} INFO - Setting next_dagrun for first_dag to 2026-08-21 00:00:00+00:00, run_after=2026-08-22 00:00:00+00:00
[2026-08-21T14:56:21.336+0000] {processor.py:208} INFO - Processing /opt/airflow/dags/first_dag.py took 0.123 seconds
[2026-08-21T14:56:51.748+0000] {processor.py:186} INFO - Started process (PID=1025) to work on /opt/airflow/dags/first_dag.py
[2026-08-21T14:56:51.749+0000] {processor.py:914} INFO - Processing file /opt/airflow/dags/first_dag.py for tasks to queue
[2026-08-21T14:56:51.754+0000] {logging_mixin.py:190} INFO - [2026-08-21T14:56:51.753+0000] {dagbag.py:588} INFO - Filling up the DagBag from /opt/airflow/dags/first_dag.py
[2026-08-21T14:56:51.776+0000] {processor.py:925} INFO - DAG(s) 'first_dag' retrieved from /opt/airflow/dags/first_dag.py
[2026-08-21T14:56:51.816+0000] {logging_mixin.py:190} INFO - [2026-08-21T14:56:51.815+0000] {dag.py:3239} INFO - Sync 1 DAGs
[2026-08-21T14:56:51.857+0000] {logging_mixin.py:190} INFO - [2026-08-21T14:56:51.857+0000] {dag.py:4180} INFO - Setting next_dagrun for first_dag to 2026-08-21 00:00:00+00:00, run_after=2026-08-22 00:00:00+00:00
[2026-08-21T14:56:51.884+0000] {processor.py:208} INFO - Processing /opt/airflow/dags/first_dag.py took 0.150 seconds
[2026-08-21T14:57:22.072+0000] {processor.py:186} INFO - Started process (PID=1030) to work on /opt/airflow/dags/first_dag.py
[2026-08-21T14:57:22.074+0000] {processor.py:914} INFO - Processing file /opt/airflow/dags/first_dag.py for tasks to queue
[2026-08-21T14:57:22.077+0000] {logging_mixin.py:190} INFO - [2026-08-21T14:57:22.077+0000] {dagbag.py:588} INFO - Filling up the DagBag from /opt/airflow/dags/first_dag.py
[2026-08-21T14:57:22.114+0000] {processor.py:925} INFO - DAG(s) 'first_dag' retrieved from /opt/airflow/dags/first_dag.py
[2026-08-21T14:57:22.149+0000] {logging_mixin.py:190} INFO - [2026-08-21T14:57:22.148+0000] {dag.py:3239} INFO - Sync 1 DAGs
[2026-08-21T14:57:22.174+0000] {logging_mixin.py:190} INFO - [2026-08-21T14:57:22.173+0000] {dag.py:4180} INFO - Setting next_dagrun for first_dag to 2026-08-21 00:00:00+00:00, run_after=2026-08-22 00:00:00+00:00
[2026-08-21T14:57:22.196+0000] {processor.py:208} INFO - Processing /opt/airflow/dags/first_dag.py took 0.132 seconds
[2026-08-21T14:57:52.525+0000] {processor.py:186} INFO - Started process (PID=1035) to work on /opt/airflow/dags/first_dag.py
[2026-08-21T14:57:52.527+0000] {processor.py:914} INFO - Processing file /opt/airflow/dags/first_dag.py for tasks to queue
[2026-08-21T14:57:52.530+0000] {logging_mixin.py:190} INFO - [2026-08-21T14:57:52.529+0000] {dagbag.py:588} INFO - Filling up the DagBag from /opt/airflow/dags/first_dag.py
[2026-08-21T14:57:52.549+0000] {processor.py:925} INFO - DAG(s) 'first_dag' retrieved from /opt/airflow/dags/first_dag.py
[2026-08-21T14:57:52.583+0000] {logging_mixin.py:190} INFO - [2026-08-21T14:57:52.583+0000] {dag.py:3239} INFO - Sync 1 DAGs
[2026-08-21T14:57:52.608+0000] {logging_mixin.py:190} INFO - [2026-08-21T14:57:52.608+0000] {dag.py:4180} INFO - Setting next_dagrun for first_dag to 2026-08-21 00:00:00+00:00, run_after=2026-08-22 00:00:00+00:00
[2026-08-21T14:57:52.673+0000] {processor.py:208} INFO - Processing /opt/airflow/dags/first_dag.py took 0.155 seconds
[2026-08-21T14:58:22.996+0000] {processor.py:186} INFO - Started process (PID=1040) to work on /opt/airflow/dags/first_dag.py
[2026-08-21T14:58:22.998+0000] {processor.py:914} INFO - Processing file /opt/airflow/dags/first_dag.py for tasks to queue
[2026-08-21T14:58:23.002+0000] {logging_mixin.py:190} INFO - [2026-08-21T14:58:23.002+0000] {dagbag.py:588} INFO - Filling up the DagBag from /opt/airflow/dags/first_dag.py
[2026-08-21T14:58:23.025+0000] {processor.py:925} INFO - DAG(s) 'first_dag' retrieved from /opt/airflow/dags/first_dag.py
[2026-08-21T14:58:23.057+0000] {logging_mixin.py:190} INFO - [2026-08-21T14:58:23.056+0000] {dag.py:3239} INFO - Sync 1 DAGs
[2026-08-21T14:58:23.087+0000] {logging_mixin.py:190} INFO - [2026-08-21T14:58:23.086+0000] {dag.py:4180} INFO - Setting next_dagrun for first_dag to 2026-08-21 00:00:00+00:00, run_after=2026-08-22 00:00:00+00:00
[2026-08-21T14:58:23.113+0000] {processor.py:208} INFO - Processing /opt/airflow/dags/first_dag.py took 0.125 seconds
[2026-08-21T14:58:53.287+0000] {processor.py:186} INFO - Started process (PID=1045) to work on /opt/airflow/dags/first_dag.py
[2026-08-21T14:58:53.289+0000] {processor.py:914} INFO - Processing file /opt/airflow/dags/first_dag.py for tasks to queue
[2026-08-21T14:58:53.293+0000] {logging_mixin.py:190} INFO - [2026-08-21T14:58:53.293+0000] {dagbag.py:588} INFO - Filling up the DagBag from /opt/airflow/dags/first_dag.py
[2026-08-21T14:58:53.317+0000] {processor.py:925} INFO - DAG(s) 'first_dag' retrieved from /opt/airflow/dags/first_dag.py
[2026-08-21T14:58:53.349+0000] {logging_mixin.py:190} INFO - [2026-08-21T14:58:53.348+0000] {dag.py:3239} INFO - Sync 1 DAGs
[2026-08-21T14:58:53.376+0000] {logging_mixin.py:190} INFO - [2026-08-21T14:58:53.376+0000] {dag.py:4180} INFO - Setting next_dagrun for first_dag to 2026-08-21 00:00:00+00:00, run_after=2026-08-22 00:00:00+00:00
[2026-08-21T14:58:53.399+0000] {processor.py:208} INFO - Processing /opt/airflow/dags/first_dag.py took 0.120 seconds
[2026-08-21T14:59:23.724+0000] {processor.py:186} INFO - Started process (PID=1050) to work on /opt/airflow/dags/first_dag.py
[2026-08-21T14:59:23.726+0000] {processor.py:914} INFO - Processing file /opt/airflow/dags/first_dag.py for tasks to queue
[2026-08-21T14:59:23.730+0000] {logging_mixin.py:190} INFO - [2026-08-21T14:59:23.730+0000] {dagbag.py:588} INFO - Filling up the DagBag from /opt/airflow/dags/first_dag.py
[2026-08-21T14:59:23.753+0000] {processor.py:925} INFO - DAG(s) 'first_dag' retrieved from /opt/airflow/dags/first_dag.py
[2026-08-21T14:59:23.788+0000] {logging_mixin.py:190} INFO - [2026-08-21T14:59:23.787+0000] {dag.py:3239} INFO - Sync 1 DAGs
[2026-08-21T14:59:23.817+0000] {logging_mixin.py:190} INFO - [2026-08-21T14:59:23.817+0000] {dag.py:4180} INFO - Setting next_dagrun for first_dag to 2026-08-21 00:00:00+00:00, run_after=2026-08-22 00:00:00+00:00
[2026-08-21T14:59:23.845+0000] {processor.py:208} INFO - Processing /opt/airflow/dags/first_dag.py took 0.129 seconds
[2026-08-21T14:59:54.069+0000] {processor.py:186} INFO - Started process (PID=1055) to work on /opt/airflow/dags/first_dag.py
[2026-08-21T14:59:54.071+0000] {processor.py:914} INFO - Processing file /opt/airflow/dags/first_dag.py for tasks to queue
[2026-08-21T14:59:54.076+0000] {logging_mixin.py:190} INFO - [2026-08-21T14:59:54.076+0000] {dagbag.py:588} INFO - Filling up the DagBag from /opt/airflow/dags/first_dag.py
[2026-08-21T14:59:54.103+0000] {processor.py:925} INFO - DAG(s) 'first_dag' retrieved from /opt/airflow/dags/first_dag.py
[2026-08-21T14:59:54.134+0000] {logging_mixin.py:190} INFO - [2026-08-21T14:59:54.134+0000] {dag.py:3239} INFO - Sync 1 DAGs
[2026-08-21T14:59:54.161+0000] {logging_mixin.py:190} INFO - [2026-08-21T14:59:54.161+0000] {dag.py:4180} INFO - Setting next_dagrun for first_dag to 2026-08-21 00:00:00+00:00, run_after=2026-08-22 00:00:00+00:00
[2026-08-21T14:59:54.183+0000] {processor.py:208} INFO - Processing /opt/airflow/dags/first_dag.py took 0.123 seconds
[2026-08-21T15:00:24.444+0000] {processor.py:186} INFO - Started process (PID=1060) to work on /opt/airflow/dags/first_dag.py
[2026-08-21T15:00:24.447+0000] {processor.py:914} INFO - Processing file /opt/airflow/dags/first_dag.py for tasks to queue
[2026-08-21T15:00:24.451+0000] {logging_mixin.py:190} INFO - [2026-08-21T15:00:24.451+0000] {dagbag.py:588} INFO - Filling up the DagBag from /opt/airflow/dags/first_dag.py
[2026-08-21T15:00:24.475+0000] {processor.py:925} INFO - DAG(s) 'first_dag' retrieved from /opt/airflow/dags/first_dag.py
[2026-08-21T15:00:24.508+0000] {logging_mixin.py:190} INFO - [2026-08-21T15:00:24.507+0000] {dag.py:3239} INFO - Sync 1 DAGs
[2026-08-21T15:00:24.534+0000] {logging_mixin.py:190} INFO - [2026-08-21T15:00:24.534+0000] {dag.py:4180} INFO - Setting next_dagrun for first_dag to 2026-08-21 00:00:00+00:00, run_after=2026-08-22 00:00:00+00:00
[2026-08-21T15:00:24.562+0000] {processor.py:208} INFO - Processing /opt/airflow/dags/first_dag.py took 0.127 seconds
[2026-08-21T15:00:54.983+0000] {processor.py:186} INFO - Started process (PID=1065) to work on /opt/airflow/dags/first_dag.py
[2026-08-21T15:00:54.985+0000] {processor.py:914} INFO - Processing file /opt/airflow/dags/first_dag.py for tasks to queue
[2026-08-21T15:00:54.989+0000] {logging_mixin.py:190} INFO - [2026-08-21T15:00:54.988+0000] {dagbag.py:588} INFO - Filling up the DagBag from /opt/airflow/dags/first_dag.py
[2026-08-21T15:00:55.011+0000] {processor.py:925} INFO - DAG(s) 'first_dag' retrieved from /opt/airflow/dags/first_dag.py
[2026-08-21T15:00:55.041+0000] {logging_mixin.py:190} INFO - [2026-08-21T15:00:55.041+0000] {dag.py:3239} INFO - Sync 1 DAGs
[2026-08-21T15:00:55.065+0000] {logging_mixin.py:190} INFO - [2026-08-21T15:00:55.065+0000] {dag.py:4180} INFO - Setting next_dagrun for first_dag to 2026-08-21 00:00:00+00:00, run_after=2026-08-22 00:00:00+00:00
[2026-08-21T15:00:55.088+0000] {processor.py:208} INFO - Processing /opt/airflow/dags/first_dag.py took 0.111 seconds
[2026-08-21T15:01:25.314+0000] {processor.py:186} INFO - Started process (PID=1070) to work on /opt/airflow/dags/first_dag.py
[2026-08-21T15:01:25.316+0000] {processor.py:914} INFO - Processing file /opt/airflow/dags/first_dag.py for tasks to queue
[2026-08-21T15:01:25.320+0000] {logging_mixin.py:190} INFO - [2026-08-21T15:01:25.319+0000] {dagbag.py:588} INFO - Filling up the DagBag from /opt/airflow/dags/first_dag.py
[2026-08-21T15:01:25.346+0000] {processor.py:925} INFO - DAG(s) 'first_dag' retrieved from /opt/airflow/dags/first_dag.py
[2026-08-21T15:01:25.381+0000] {logging_mixin.py:190} INFO - [2026-08-21T15:01:25.380+0000] {dag.py:3239} INFO - Sync 1 DAGs
[2026-08-21T15:01:25.407+0000] {logging_mixin.py:190} INFO - [2026-08-21T15:01:25.407+0000] {dag.py:4180} INFO - Setting next_dagrun for first_dag to 2026-08-21 00:00:00+00:00, run_after=2026-08-22 00:00:00+00:00
[2026-08-21T15:01:25.430+0000] {processor.py:208} INFO - Processing /opt/airflow/dags/first_dag.py took 0.124 seconds
[2026-08-21T15:01:55.592+0000] {processor.py:186} INFO - Started process (PID=1075) to work on /opt/airflow/dags/first_dag.py
[2026-08-21T15:01:55.593+0000] {processor.py:914} INFO - Processing file /opt/airflow/dags/first_dag.py for tasks to queue
[2026-08-21T15:01:55.596+0000] {logging_mixin.py:190} INFO - [2026-08-21T15:01:55.596+0000] {dagbag.py:588} INFO - Filling up the DagBag from /opt/airflow/dags/first_dag.py
[2026-08-21T15:01:55.618+0000] {processor.py:925} INFO - DAG(s) 'first_dag' retrieved from /opt/airflow/dags/first_dag.py
[2026-08-21T15:01:55.649+0000] {logging_mixin.py:190} INFO - [2026-08-21T15:01:55.648+0000] {dag.py:3239} INFO - Sync 1 DAGs
[2026-08-21T15:01:55.675+0000] {logging_mixin.py:190} INFO - [2026-08-21T15:01:55.674+0000] {dag.py:4180} INFO - Setting next_dagrun for first_dag to 2026-08-21 00:00:00+00:00, run_after=2026-08-22 00:00:00+00:00
[2026-08-21T15:01:55.697+0000] {processor.py:208} INFO - Processing /opt/airflow/dags/first_dag.py took 0.112 seconds
[2026-08-21T15:02:25.965+0000] {processor.py:186} INFO - Started process (PID=1080) to work on /opt/airflow/dags/first_dag.py
[2026-08-21T15:02:25.967+0000] {processor.py:914} INFO - Processing file /opt/airflow/dags/first_dag.py for tasks to queue
[2026-08-21T15:02:25.971+0000] {logging_mixin.py:190} INFO - [2026-08-21T15:02:25.970+0000] {dagbag.py:588} INFO - Filling up the DagBag from /opt/airflow/dags/first_dag.py
[2026-08-21T15:02:25.993+0000] {processor.py:925} INFO - DAG(s) 'first_dag' retrieved from /opt/airflow/dags/first_dag.py
[2026-08-21T15:02:26.024+0000] {logging_mixin.py:190} INFO - [2026-08-21T15:02:26.024+0000] {dag.py:3239} INFO - Sync 1 DAGs
[2026-08-21T15:02:26.051+0000] {logging_mixin.py:190} INFO - [2026-08-21T15:02:26.051+0000] {dag.py:4180} INFO - Setting next_dagrun for first_dag to 2026-08-21 00:00:00+00:00, run_after=2026-08-22 00:00:00+00:00
[2026-08-21T15:02:26.078+0000] {processor.py:208} INFO - Processing /opt/airflow/dags/first_dag.py took 0.124 seconds
[2026-08-21T15:02:56.477+0000] {processor.py:186} INFO - Started process (PID=1085) to work on /opt/airflow/dags/first_dag.py
[2026-08-21T15:02:56.479+0000] {processor.py:914} INFO - Processing file /opt/airflow/dags/first_dag.py for tasks to queue
[2026-08-21T15:02:56.485+0000] {logging_mixin.py:190} INFO - [2026-08-21T15:02:56.484+0000] {dagbag.py:588} INFO - Filling up the DagBag from /opt/airflow/dags/first_dag.py
[2026-08-21T15:02:56.505+0000] {processor.py:925} INFO - DAG(s) 'first_dag' retrieved from /opt/airflow/dags/first_dag.py
[2026-08-21T15:02:56.545+0000] {logging_mixin.py:190} INFO - [2026-08-21T15:02:56.544+0000] {dag.py:3239} INFO - Sync 1 DAGs
[2026-08-21T15:02:56.583+0000] {logging_mixin.py:190} INFO - [2026-08-21T15:02:56.583+0000] {dag.py:4180} INFO - Setting next_dagrun for first_dag to 2026-08-21 00:00:00+00:00, run_after=2026-08-22 00:00:00+00:00
[2026-08-21T15:02:56.612+0000] {processor.py:208} INFO - Processing /opt/airflow/dags/first_dag.py took 0.144 seconds
[2026-08-21T15:03:26.826+0000] {processor.py:186} INFO - Started process (PID=1090) to work on /opt/airflow/dags/first_dag.py
[2026-08-21T15:03:26.827+0000] {processor.py:914} INFO - Processing file /opt/airflow/dags/first_dag.py for tasks to queue
[2026-08-21T15:03:26.831+0000] {logging_mixin.py:190} INFO - [2026-08-21T15:03:26.831+0000] {dagbag.py:588} INFO - Filling up the DagBag from /opt/airflow/dags/first_dag.py
[2026-08-21T15:03:26.884+0000] {processor.py:925} INFO - DAG(s) 'first_dag' retrieved from /opt/airflow/dags/first_dag.py
[2026-08-21T15:03:26.919+0000] {logging_mixin.py:190} INFO - [2026-08-21T15:03:26.919+0000] {dag.py:3239} INFO - Sync 1 DAGs
[2026-08-21T15:03:26.941+0000] {logging_mixin.py:190} INFO - [2026-08-21T15:03:26.941+0000] {dag.py:4180} INFO - Setting next_dagrun for first_dag to 2026-08-21 00:00:00+00:00, run_after=2026-08-22 00:00:00+00:00
[2026-08-21T15:03:26.971+0000] {processor.py:208} INFO - Processing /opt/airflow/dags/first_dag.py took 0.152 seconds
[2026-08-21T15:03:57.174+0000] {processor.py:186} INFO - Started process (PID=1095) to work on /opt/airflow/dags/first_dag.py
[2026-08-21T15:03:57.176+0000] {processor.py:914} INFO - Processing file /opt/airflow/dags/first_dag.py for tasks to queue
[2026-08-21T15:03:57.180+0000] {logging_mixin.py:190} INFO - [2026-08-21T15:03:57.180+0000] {dagbag.py:588} INFO - Filling up the DagBag from /opt/airflow/dags/first_dag.py
[2026-08-21T15:03:57.205+0000] {processor.py:925} INFO - DAG(s) 'first_dag' retrieved from /opt/airflow/dags/first_dag.py
[2026-08-21T15:03:57.239+0000] {logging_mixin.py:190} INFO - [2026-08-21T15:03:57.239+0000] {dag.py:3239} INFO - Sync 1 DAGs
[2026-08-21T15:03:57.267+0000] {logging_mixin.py:190} INFO - [2026-08-21T15:03:57.267+0000] {dag.py:4180} INFO - Setting next_dagrun for first_dag to 2026-08-21 00:00:00+00:00, run_after=2026-08-22 00:00:00+00:00
[2026-08-21T15:03:57.289+0000] {processor.py:208} INFO - Processing /opt/airflow/dags/first_dag.py took 0.123 seconds
[2026-08-21T15:04:27.716+0000] {processor.py:186} INFO - Started process (PID=1100) to work on /opt/airflow/dags/first_dag.py
[2026-08-21T15:04:27.718+0000] {processor.py:914} INFO - Processing file /opt/airflow/dags/first_dag.py for tasks to queue
[2026-08-21T15:04:27.722+0000] {logging_mixin.py:190} INFO - [2026-08-21T15:04:27.721+0000] {dagbag.py:588} INFO - Filling up the DagBag from /opt/airflow/dags/first_dag.py
[2026-08-21T15:04:27.742+0000] {processor.py:925} INFO - DAG(s) 'first_dag' retrieved from /opt/airflow/dags/first_dag.py
[2026-08-21T15:04:27.774+0000] {logging_mixin.py:190} INFO - [2026-08-21T15:04:27.774+0000] {dag.py:3239} INFO - Sync 1 DAGs
[2026-08-21T15:04:27.803+0000] {logging_mixin.py:190} INFO - [2026-08-21T15:04:27.803+0000] {dag.py:4180} INFO - Setting next_dagrun for first_dag to 2026-08-21 00:00:00+00:00, run_after=2026-08-22 00:00:00+00:00
[2026-08-21T15:04:27.824+0000] {processor.py:208} INFO - Processing /opt/airflow/dags/first_dag.py took 0.115 seconds
[2026-08-21T15:04:58.067+0000] {processor.py:186} INFO - Started process (PID=1105) to work on /opt/airflow/dags/first_dag.py
[2026-08-21T15:04:58.069+0000] {processor.py:914} INFO - Processing file /opt/airflow/dags/first_dag.py for tasks to queue
[2026-08-21T15:04:58.073+0000] {logging_mixin.py:190} INFO - [2026-08-21T15:04:58.072+0000] {dagbag.py:588} INFO - Filling up the DagBag from /opt/airflow/dags/first_dag.py
[2026-08-21T15:04:58.103+0000] {processor.py:925} INFO - DAG(s) 'first_dag' retrieved from /opt/airflow/dags/first_dag.py
[2026-08-21T15:04:58.144+0000] {logging_mixin.py:190} INFO - [2026-08-21T15:04:58.144+0000] {dag.py:3239} INFO - Sync 1 DAGs
[2026-08-21T15:04:58.180+0000] {logging_mixin.py:190} INFO - [2026-08-21T15:04:58.179+0000] {dag.py:4180} INFO - Setting next_dagrun for first_dag to 2026-08-21 00:00:00+00:00, run_after=2026-08-22 00:00:00+00:00
[2026-08-21T15:04:58.210+0000] {processor.py:208} INFO - Processing /opt/airflow/dags/first_dag.py took 0.154 seconds
[2026-08-21T15:05:28.555+0000] {processor.py:186} INFO - Started process (PID=1110) to work on /opt/airflow/dags/first_dag.py
[2026-08-21T15:05:28.557+0000] {processor.py:914} INFO - Processing file /opt/airflow/dags/first_dag.py for tasks to queue
[2026-08-21T15:05:28.560+0000] {logging_mixin.py:190} INFO - [2026-08-21T15:05:28.560+0000] {dagbag.py:588} INFO - Filling up the DagBag from /opt/airflow/dags/first_dag.py
[2026-08-21T15:05:28.584+0000] {processor.py:925} INFO - DAG(s) 'first_dag' retrieved from /opt/airflow/dags/first_dag.py
[2026-08-21T15:05:28.628+0000] {logging_mixin.py:190} INFO - [2026-08-21T15:05:28.627+0000] {dag.py:3239} INFO - Sync 1 DAGs
[2026-08-21T15:05:28.653+0000] {logging_mixin.py:190} INFO - [2026-08-21T15:05:28.653+0000] {dag.py:4180} INFO - Setting next_dagrun for first_dag to 2026-08-21 00:00:00+00:00, run_after=2026-08-22 00:00:00+00:00
[2026-08-21T15:05:28.675+0000] {processor.py:208} INFO - Processing /opt/airflow/dags/first_dag.py took 0.128 seconds
[2026-08-21T15:05:58.925+0000] {processor.py:186} INFO - Started process (PID=1115) to work on /opt/airflow/dags/first_dag.py
[2026-08-21T15:05:58.926+0000] {processor.py:914} INFO - Processing file /opt/airflow/dags/first_dag.py for tasks to queue
[2026-08-21T15:05:58.929+0000] {logging_mixin.py:190} INFO - [2026-08-21T15:05:58.929+0000] {dagbag.py:588} INFO - Filling up the DagBag from /opt/airflow/dags/first_dag.py
[2026-08-21T15:05:58.949+0000] {processor.py:925} INFO - DAG(s) 'first_dag' retrieved from /opt/airflow/dags/first_dag.py
[2026-08-21T15:05:58.982+0000] {logging_mixin.py:190} INFO - [2026-08-21T15:05:58.982+0000] {dag.py:3239} INFO - Sync 1 DAGs
[2026-08-21T15:05:59.008+0000] {logging_mixin.py:190} INFO - [2026-08-21T15:05:59.007+0000] {dag.py:4180} INFO - Setting next_dagrun for first_dag to 2026-08-21 00:00:00+00:00, run_after=2026-08-22 00:00:00+00:00
[2026-08-21T15:05:59.030+0000] {processor.py:208} INFO - Processing /opt/airflow/dags/first_dag.py took 0.112 seconds
[2026-08-21T15:06:29.195+0000] {processor.py:186} INFO - Started process (PID=1120) to work on /opt/airflow/dags/first_dag.py
[2026-08-21T15:06:29.198+0000] {processor.py:914} INFO - Processing file /opt/airflow/dags/first_dag.py for tasks to queue
[2026-08-21T15:06:29.201+0000] {logging_mixin.py:190} INFO - [2026-08-21T15:06:29.201+0000] {dagbag.py:588} INFO - Filling up the DagBag from /opt/airflow/dags/first_dag.py
[2026-08-21T15:06:29.226+0000] {processor.py:925} INFO - DAG(s) 'first_dag' retrieved from /opt/airflow/dags/first_dag.py
[2026-08-21T15:06:29.260+0000] {logging_mixin.py:190} INFO - [2026-08-21T15:06:29.259+0000] {dag.py:3239} INFO - Sync 1 DAGs
[2026-08-21T15:06:29.290+0000] {logging_mixin.py:190} INFO - [2026-08-21T15:06:29.289+0000] {dag.py:4180} INFO - Setting next_dagrun for first_dag to 2026-08-21 00:00:00+00:00, run_after=2026-08-22 00:00:00+00:00
[2026-08-21T15:06:29.315+0000] {processor.py:208} INFO - Processing /opt/airflow/dags/first_dag.py took 0.129 seconds
[2026-08-21T15:06:59.505+0000] {processor.py:186} INFO - Started process (PID=1125) to work on /opt/airflow/dags/first_dag.py
[2026-08-21T15:06:59.507+0000] {processor.py:914} INFO - Processing file /opt/airflow/dags/first_dag.py for tasks to queue
[2026-08-21T15:06:59.510+0000] {logging_mixin.py:190} INFO - [2026-08-21T15:06:59.510+0000] {dagbag.py:588} INFO - Filling up the DagBag from /opt/airflow/dags/first_dag.py
[2026-08-21T15:06:59.544+0000] {processor.py:925} INFO - DAG(s) 'first_dag' retrieved from /opt/airflow/dags/first_dag.py
[2026-08-21T15:06:59.602+0000] {logging_mixin.py:190} INFO - [2026-08-21T15:06:59.602+0000] {dag.py:3239} INFO - Sync 1 DAGs
[2026-08-21T15:06:59.659+0000] {logging_mixin.py:190} INFO - [2026-08-21T15:06:59.658+0000] {dag.py:4180} INFO - Setting next_dagrun for first_dag to 2026-08-21 00:00:00+00:00, run_after=2026-08-22 00:00:00+00:00
[2026-08-21T15:06:59.693+0000] {processor.py:208} INFO - Processing /opt/airflow/dags/first_dag.py took 0.199 seconds
[2026-08-21T15:07:30.084+0000] {processor.py:186} INFO - Started process (PID=1130) to work on /opt/airflow/dags/first_dag.py
[2026-08-21T15:07:30.086+0000] {processor.py:914} INFO - Processing file /opt/airflow/dags/first_dag.py for tasks to queue
[2026-08-21T15:07:30.091+0000] {logging_mixin.py:190} INFO - [2026-08-21T15:07:30.091+0000] {dagbag.py:588} INFO - Filling up the DagBag from /opt/airflow/dags/first_dag.py
[2026-08-21T15:07:30.116+0000] {processor.py:925} INFO - DAG(s) 'first_dag' retrieved from /opt/airflow/dags/first_dag.py
[2026-08-21T15:07:30.147+0000] {logging_mixin.py:190} INFO - [2026-08-21T15:07:30.146+0000] {dag.py:3239} INFO - Sync 1 DAGs
[2026-08-21T15:07:30.172+0000] {logging_mixin.py:190} INFO - [2026-08-21T15:07:30.172+0000] {dag.py:4180} INFO - Setting next_dagrun for first_dag to 2026-08-21 00:00:00+00:00, run_after=2026-08-22 00:00:00+00:00
[2026-08-21T15:07:30.196+0000] {processor.py:208} INFO - Processing /opt/airflow/dags/first_dag.py took 0.119 seconds
[2026-08-21T15:08:00.463+0000] {processor.py:186} INFO - Started process (PID=1135) to work on /opt/airflow/dags/first_dag.py
[2026-08-21T15:08:00.464+0000] {processor.py:914} INFO - Processing file /opt/airflow/dags/first_dag.py for tasks to queue
[2026-08-21T15:08:00.468+0000] {logging_mixin.py:190} INFO - [2026-08-21T15:08:00.468+0000] {dagbag.py:588} INFO - Filling up the DagBag from /opt/airflow/dags/first_dag.py
[2026-08-21T15:08:00.497+0000] {processor.py:925} INFO - DAG(s) 'first_dag' retrieved from /opt/airflow/dags/first_dag.py
[2026-08-21T15:08:00.532+0000] {logging_mixin.py:190} INFO - [2026-08-21T15:08:00.532+0000] {dag.py:3239} INFO - Sync 1 DAGs
[2026-08-21T15:08:00.561+0000] {logging_mixin.py:190} INFO - [2026-08-21T15:08:00.560+0000] {dag.py:4180} INFO - Setting next_dagrun for first_dag to 2026-08-21 00:00:00+00:00, run_after=2026-08-22 00:00:00+00:00
[2026-08-21T15:08:00.586+0000] {processor.py:208} INFO - Processing /opt/airflow/dags/first_dag.py took 0.132 seconds
[2026-08-21T15:08:30.919+0000] {processor.py:186} INFO - Started process (PID=1140) to work on /opt/airflow/dags/first_dag.py
[2026-08-21T15:08:30.922+0000] {processor.py:914} INFO - Processing file /opt/airflow/dags/first_dag.py for tasks to queue
[2026-08-21T15:08:30.925+0000] {logging_mixin.py:190} INFO - [2026-08-21T15:08:30.925+0000] {dagbag.py:588} INFO - Filling up the DagBag from /opt/airflow/dags/first_dag.py
[2026-08-21T15:08:30.946+0000] {processor.py:925} INFO - DAG(s) 'first_dag' retrieved from /opt/airflow/dags/first_dag.py
[2026-08-21T15:08:30.980+0000] {logging_mixin.py:190} INFO - [2026-08-21T15:08:30.979+0000] {dag.py:3239} INFO - Sync 1 DAGs
[2026-08-21T15:08:31.008+0000] {logging_mixin.py:190} INFO - [2026-08-21T15:08:31.008+0000] {dag.py:4180} INFO - Setting next_dagrun for first_dag to 2026-08-21 00:00:00+00:00, run_after=2026-08-22 00:00:00+00:00
[2026-08-21T15:08:31.031+0000] {processor.py:208} INFO - Processing /opt/airflow/dags/first_dag.py took 0.118 seconds
[2026-08-21T15:09:01.274+0000] {processor.py:186} INFO - Started process (PID=1145) to work on /opt/airflow/dags/first_dag.py
[2026-08-21T15:09:01.277+0000] {processor.py:914} INFO - Processing file /opt/airflow/dags/first_dag.py for tasks to queue
[2026-08-21T15:09:01.283+0000] {logging_mixin.py:190} INFO - [2026-08-21T15:09:01.283+0000] {dagbag.py:588} INFO - Filling up the DagBag from /opt/airflow/dags/first_dag.py
[2026-08-21T15:09:01.309+0000] {processor.py:925} INFO - DAG(s) 'first_dag' retrieved from /opt/airflow/dags/first_dag.py
[2026-08-21T15:09:01.344+0000] {logging_mixin.py:190} INFO - [2026-08-21T15:09:01.344+0000] {dag.py:3239} INFO - Sync 1 DAGs
[2026-08-21T15:09:01.372+0000] {logging_mixin.py:190} INFO - [2026-08-21T15:09:01.371+0000] {dag.py:4180} INFO - Setting next_dagrun for first_dag to 2026-08-21 00:00:00+00:00, run_after=2026-08-22 00:00:00+00:00
[2026-08-21T15:09:01.394+0000] {processor.py:208} INFO - Processing /opt/airflow/dags/first_dag.py took 0.129 seconds
[2026-08-21T15:09:31.806+0000] {processor.py:186} INFO - Started process (PID=1150) to work on /opt/airflow/dags/first_dag.py
[2026-08-21T15:09:31.808+0000] {processor.py:914} INFO - Processing file /opt/airflow/dags/first_dag.py for tasks to queue
[2026-08-21T15:09:31.811+0000] {logging_mixin.py:190} INFO - [2026-08-21T15:09:31.811+0000] {dagbag.py:588} INFO - Filling up the DagBag from /opt/airflow/dags/first_dag.py
[2026-08-21T15:09:31.834+0000] {processor.py:925} INFO - DAG(s) 'first_dag' retrieved from /opt/airflow/dags/first_dag.py
[2026-08-21T15:09:31.880+0000] {logging_mixin.py:190} INFO - [2026-08-21T15:09:31.880+0000] {dag.py:3239} INFO - Sync 1 DAGs
[2026-08-21T15:09:31.907+0000] {logging_mixin.py:190} INFO - [2026-08-21T15:09:31.907+0000] {dag.py:4180} INFO - Setting next_dagrun for first_dag to 2026-08-21 00:00:00+00:00, run_after=2026-08-22 00:00:00+00:00
[2026-08-21T15:09:31.933+0000] {processor.py:208} INFO - Processing /opt/airflow/dags/first_dag.py took 0.135 seconds
[2026-08-21T15:10:02.269+0000] {processor.py:186} INFO - Started process (PID=1155) to work on /opt/airflow/dags/first_dag.py
[2026-08-21T15:10:02.271+0000] {processor.py:914} INFO - Processing file /opt/airflow/dags/first_dag.py for tasks to queue
[2026-08-21T15:10:02.274+0000] {logging_mixin.py:190} INFO - [2026-08-21T15:10:02.274+0000] {dagbag.py:588} INFO - Filling up the DagBag from /opt/airflow/dags/first_dag.py
[2026-08-21T15:10:02.300+0000] {processor.py:925} INFO - DAG(s) 'first_dag' retrieved from /opt/airflow/dags/first_dag.py
[2026-08-21T15:10:02.328+0000] {logging_mixin.py:190} INFO - [2026-08-21T15:10:02.328+0000] {dag.py:3239} INFO - Sync 1 DAGs
[2026-08-21T15:10:02.353+0000] {logging_mixin.py:190} INFO - [2026-08-21T15:10:02.352+0000] {dag.py:4180} INFO - Setting next_dagrun for first_dag to 2026-08-21 00:00:00+00:00, run_after=2026-08-22 00:00:00+00:00
[2026-08-21T15:10:02.375+0000] {processor.py:208} INFO - Processing /opt/airflow/dags/first_dag.py took 0.113 seconds
[2026-08-21T15:10:32.692+0000] {processor.py:186} INFO - Started process (PID=1160) to work on /opt/airflow/dags/first_dag.py
[2026-08-21T15:10:32.694+0000] {processor.py:914} INFO - Processing file /opt/airflow/dags/first_dag.py for tasks to queue
[2026-08-21T15:10:32.697+0000] {logging_mixin.py:190} INFO - [2026-08-21T15:10:32.697+0000] {dagbag.py:588} INFO - Filling up the DagBag from /opt/airflow/dags/first_dag.py
[2026-08-21T15:10:32.734+0000] {processor.py:925} INFO - DAG(s) 'first_dag' retrieved from /opt/airflow/dags/first_dag.py
[2026-08-21T15:10:32.770+0000] {logging_mixin.py:190} INFO - [2026-08-21T15:10:32.769+0000] {dag.py:3239} INFO - Sync 1 DAGs
[2026-08-21T15:10:32.796+0000] {logging_mixin.py:190} INFO - [2026-08-21T15:10:32.796+0000] {dag.py:4180} INFO - Setting next_dagrun for first_dag to 2026-08-21 00:00:00+00:00, run_after=2026-08-22 00:00:00+00:00
[2026-08-21T15:10:32.821+0000] {processor.py:208} INFO - Processing /opt/airflow/dags/first_dag.py took 0.136 seconds
[2026-08-21T15:11:03.054+0000] {processor.py:186} INFO - Started process (PID=1165) to work on /opt/airflow/dags/first_dag.py
[2026-08-21T15:11:03.056+0000] {processor.py:914} INFO - Processing file /opt/airflow/dags/first_dag.py for tasks to queue
[2026-08-21T15:11:03.059+0000] {logging_mixin.py:190} INFO - [2026-08-21T15:11:03.059+0000] {dagbag.py:588} INFO - Filling up the DagBag from /opt/airflow/dags/first_dag.py
[2026-08-21T15:11:03.086+0000] {processor.py:925} INFO - DAG(s) 'first_dag' retrieved from /opt/airflow/dags/first_dag.py
[2026-08-21T15:11:03.118+0000] {logging_mixin.py:190} INFO - [2026-08-21T15:11:03.117+0000] {dag.py:3239} INFO - Sync 1 DAGs
[2026-08-21T15:11:03.145+0000] {logging_mixin.py:190} INFO - [2026-08-21T15:11:03.145+0000] {dag.py:4180} INFO - Setting next_dagrun for first_dag to 2026-08-21 00:00:00+00:00, run_after=2026-08-22 00:00:00+00:00
[2026-08-21T15:11:03.167+0000] {processor.py:208} INFO - Processing /opt/airflow/dags/first_dag.py took 0.122 seconds
[2026-08-21T15:11:33.560+0000] {processor.py:186} INFO - Started process (PID=1170) to work on /opt/airflow/dags/first_dag.py
[2026-08-21T15:11:33.562+0000] {processor.py:914} INFO - Processing file /opt/airflow/dags/first_dag.py for tasks to queue
[2026-08-21T15:11:33.566+0000] {logging_mixin.py:190} INFO - [2026-08-21T15:11:33.565+0000] {dagbag.py:588} INFO - Filling up the DagBag from /opt/airflow/dags/first_dag.py
[2026-08-21T15:11:33.593+0000] {processor.py:925} INFO - DAG(s) 'first_dag' retrieved from /opt/airflow/dags/first_dag.py
[2026-08-21T15:11:33.652+0000] {logging_mixin.py:190} INFO - [2026-08-21T15:11:33.652+0000] {dag.py:3239} INFO - Sync 1 DAGs
[2026-08-21T15:11:33.677+0000] {logging_mixin.py:190} INFO - [2026-08-21T15:11:33.677+0000] {dag.py:4180} INFO - Setting next_dagrun for first_dag to 2026-08-21 00:00:00+00:00, run_after=2026-08-22 00:00:00+00:00
[2026-08-21T15:11:33.696+0000] {processor.py:208} INFO - Processing /opt/airflow/dags/first_dag.py took 0.149 seconds
[2026-08-21T15:12:04.043+0000] {processor.py:186} INFO - Started process (PID=1175) to work on /opt/airflow/dags/first_dag.py
[2026-08-21T15:12:04.045+0000] {processor.py:914} INFO - Processing file /opt/airflow/dags/first_dag.py for tasks to queue
[2026-08-21T15:12:04.049+0000] {logging_mixin.py:190} INFO - [2026-08-21T15:12:04.048+0000] {dagbag.py:588} INFO - Filling up the DagBag from /opt/airflow/dags/first_dag.py
[2026-08-21T15:12:04.069+0000] {processor.py:925} INFO - DAG(s) 'first_dag' retrieved from /opt/airflow/dags/first_dag.py
[2026-08-21T15:12:04.102+0000] {logging_mixin.py:190} INFO - [2026-08-21T15:12:04.102+0000] {dag.py:3239} INFO - Sync 1 DAGs
[2026-08-21T15:12:04.131+0000] {logging_mixin.py:190} INFO - [2026-08-21T15:12:04.131+0000] {dag.py:4180} INFO - Setting next_dagrun for first_dag to 2026-08-21 00:00:00+00:00, run_after=2026-08-22 00:00:00+00:00
[2026-08-21T15:12:04.154+0000] {processor.py:208} INFO - Processing /opt/airflow/dags/first_dag.py took 0.119 seconds
[2026-08-21T15:12:34.493+0000] {processor.py:186} INFO - Started process (PID=1180) to work on /opt/airflow/dags/first_dag.py
[2026-08-21T15:12:34.495+0000] {processor.py:914} INFO - Processing file /opt/airflow/dags/first_dag.py for tasks to queue
[2026-08-21T15:12:34.499+0000] {logging_mixin.py:190} INFO - [2026-08-21T15:12:34.499+0000] {dagbag.py:588} INFO - Filling up the DagBag from /opt/airflow/dags/first_dag.py
[2026-08-21T15:12:34.523+0000] {processor.py:925} INFO - DAG(s) 'first_dag' retrieved from /opt/airflow/dags/first_dag.py
[2026-08-21T15:12:34.557+0000] {logging_mixin.py:190} INFO - [2026-08-21T15:12:34.557+0000] {dag.py:3239} INFO - Sync 1 DAGs
[2026-08-21T15:12:34.587+0000] {logging_mixin.py:190} INFO - [2026-08-21T15:12:34.586+0000] {dag.py:4180} INFO - Setting next_dagrun for first_dag to 2026-08-21 00:00:00+00:00, run_after=2026-08-22 00:00:00+00:00
[2026-08-21T15:12:34.609+0000] {processor.py:208} INFO - Processing /opt/airflow/dags/first_dag.py took 0.124 seconds
[2026-08-21T15:13:05.006+0000] {processor.py:186} INFO - Started process (PID=1185) to work on /opt/airflow/dags/first_dag.py
[2026-08-21T15:13:05.008+0000] {processor.py:914} INFO - Processing file /opt/airflow/dags/first_dag.py for tasks to queue
[2026-08-21T15:13:05.012+0000] {logging_mixin.py:190} INFO - [2026-08-21T15:13:05.012+0000] {dagbag.py:588} INFO - Filling up the DagBag from /opt/airflow/dags/first_dag.py
[2026-08-21T15:13:05.033+0000] {processor.py:925} INFO - DAG(s) 'first_dag' retrieved from /opt/airflow/dags/first_dag.py
[2026-08-21T15:13:05.063+0000] {logging_mixin.py:190} INFO - [2026-08-21T15:13:05.063+0000] {dag.py:3239} INFO - Sync 1 DAGs
[2026-08-21T15:13:05.091+0000] {logging_mixin.py:190} INFO - [2026-08-21T15:13:05.091+0000] {dag.py:4180} INFO - Setting next_dagrun for first_dag to 2026-08-21 00:00:00+00:00, run_after=2026-08-22 00:00:00+00:00
[2026-08-21T15:13:05.116+0000] {processor.py:208} INFO - Processing /opt/airflow/dags/first_dag.py took 0.118 seconds
[2026-08-21T15:13:35.364+0000] {processor.py:186} INFO - Started process (PID=1190) to work on /opt/airflow/dags/first_dag.py
[2026-08-21T15:13:35.366+0000] {processor.py:914} INFO - Processing file /opt/airflow/dags/first_dag.py for tasks to queue
[2026-08-21T15:13:35.370+0000] {logging_mixin.py:190} INFO - [2026-08-21T15:13:35.369+0000] {dagbag.py:588} INFO - Filling up the DagBag from /opt/airflow/dags/first_dag.py
[2026-08-21T15:13:35.393+0000] {processor.py:925} INFO - DAG(s) 'first_dag' retrieved from /opt/airflow/dags/first_dag.py
[2026-08-21T15:13:35.430+0000] {logging_mixin.py:190} INFO - [2026-08-21T15:13:35.430+0000] {dag.py:3239} INFO - Sync 1 DAGs
[2026-08-21T15:13:35.458+0000] {logging_mixin.py:190} INFO - [2026-08-21T15:13:35.458+0000] {dag.py:4180} INFO - Setting next_dagrun for first_dag to 2026-08-21 00:00:00+00:00, run_after=2026-08-22 00:00:00+00:00
[2026-08-21T15:13:35.482+0000] {processor.py:208} INFO - Processing /opt/airflow/dags/first_dag.py took 0.127 seconds
[2026-08-21T15:14:05.799+0000] {processor.py:186} INFO - Started process (PID=1195) to work on /opt/airflow/dags/first_dag.py
[2026-08-21T15:14:05.801+0000] {processor.py:914} INFO - Processing file /opt/airflow/dags/first_dag.py for tasks to queue
[2026-08-21T15:14:05.805+0000] {logging_mixin.py:190} INFO - [2026-08-21T15:14:05.805+0000] {dagbag.py:588} INFO - Filling up the DagBag from /opt/airflow/dags/first_dag.py
[2026-08-21T15:14:05.832+0000] {processor.py:925} INFO - DAG(s) 'first_dag' retrieved from /opt/airflow/dags/first_dag.py
[2026-08-21T15:14:05.865+0000] {logging_mixin.py:190} INFO - [2026-08-21T15:14:05.865+0000] {dag.py:3239} INFO - Sync 1 DAGs
[2026-08-21T15:14:05.891+0000] {logging_mixin.py:190} INFO - [2026-08-21T15:14:05.890+0000] {dag.py:4180} INFO - Setting next_dagrun for first_dag to 2026-08-21 00:00:00+00:00, run_after=2026-08-22 00:00:00+00:00
[2026-08-21T15:14:05.911+0000] {processor.py:208} INFO - Processing /opt/airflow/dags/first_dag.py took 0.128 seconds
[2026-08-21T15:14:36.183+0000] {processor.py:186} INFO - Started process (PID=1200) to work on /opt/airflow/dags/first_dag.py
[2026-08-21T15:14:36.185+0000] {processor.py:914} INFO - Processing file /opt/airflow/dags/first_dag.py for tasks to queue
[2026-08-21T15:14:36.188+0000] {logging_mixin.py:190} INFO - [2026-08-21T15:14:36.188+0000] {dagbag.py:588} INFO - Filling up the DagBag from /opt/airflow/dags/first_dag.py
[2026-08-21T15:14:36.213+0000] {processor.py:925} INFO - DAG(s) 'first_dag' retrieved from /opt/airflow/dags/first_dag.py
[2026-08-21T15:14:36.244+0000] {logging_mixin.py:190} INFO - [2026-08-21T15:14:36.243+0000] {dag.py:3239} INFO - Sync 1 DAGs
[2026-08-21T15:14:36.271+0000] {logging_mixin.py:190} INFO - [2026-08-21T15:14:36.271+0000] {dag.py:4180} INFO - Setting next_dagrun for first_dag to 2026-08-21 00:00:00+00:00, run_after=2026-08-22 00:00:00+00:00
[2026-08-21T15:14:36.293+0000] {processor.py:208} INFO - Processing /opt/airflow/dags/first_dag.py took 0.118 seconds
