[2026-08-21T08:34:00.869+0000] {manager.py:483} INFO - Processing files using up to 2 processes at a time 
[2026-08-21T08:34:00.875+0000] {manager.py:484} INFO - Process each file at most once every 30 seconds
[2026-08-21T08:34:00.877+0000] {manager.py:485} INFO - Checking for new files in /opt/airflow/dags every 300 seconds
[2026-08-21T08:34:00.879+0000] {manager.py:821} INFO - Searching for files in /opt/airflow/dags
[2026-08-21T08:34:00.888+0000] {manager.py:824} INFO - There are 0 files in /opt/airflow/dags
[2026-08-21T08:39:01.609+0000] {manager.py:821} INFO - Searching for files in /opt/airflow/dags
[2026-08-21T08:39:01.618+0000] {manager.py:824} INFO - There are 0 files in /opt/airflow/dags
[2026-08-21T08:39:51.937+0000] {manager.py:483} INFO - Processing files using up to 2 processes at a time 
[2026-08-21T08:39:51.939+0000] {manager.py:484} INFO - Process each file at most once every 30 seconds
[2026-08-21T08:39:51.940+0000] {manager.py:485} INFO - Checking for new files in /opt/airflow/dags every 300 seconds
[2026-08-21T08:39:51.941+0000] {manager.py:821} INFO - Searching for files in /opt/airflow/dags
[2026-08-21T08:39:51.948+0000] {manager.py:824} INFO - There are 0 files in /opt/airflow/dags
[2026-08-21T08:42:03.828+0000] {manager.py:483} INFO - Processing files using up to 2 processes at a time 
[2026-08-21T08:42:03.830+0000] {manager.py:484} INFO - Process each file at most once every 30 seconds
[2026-08-21T08:42:03.831+0000] {manager.py:485} INFO - Checking for new files in /opt/airflow/dags every 300 seconds
[2026-08-21T08:42:03.833+0000] {manager.py:821} INFO - Searching for files in /opt/airflow/dags
[2026-08-21T08:42:03.840+0000] {manager.py:824} INFO - There are 0 files in /opt/airflow/dags
[2026-08-21T08:42:42.457+0000] {manager.py:483} INFO - Processing files using up to 2 processes at a time 
[2026-08-21T08:42:42.459+0000] {manager.py:484} INFO - Process each file at most once every 30 seconds
[2026-08-21T08:42:42.461+0000] {manager.py:485} INFO - Checking for new files in /opt/airflow/dags every 300 seconds
[2026-08-21T08:42:42.464+0000] {manager.py:821} INFO - Searching for files in /opt/airflow/dags
[2026-08-21T08:42:42.470+0000] {manager.py:824} INFO - There are 0 files in /opt/airflow/dags
[2026-08-21T08:47:43.385+0000] {manager.py:821} INFO - Searching for files in /opt/airflow/dags
[2026-08-21T08:47:43.391+0000] {manager.py:824} INFO - There are 0 files in /opt/airflow/dags
[2026-08-21T09:02:47.888+0000] {manager.py:821} INFO - Searching for files in /opt/airflow/dags
[2026-08-21T09:02:48.158+0000] {manager.py:824} INFO - There are 0 files in /opt/airflow/dags
[2026-08-21T09:07:47.735+0000] {manager.py:821} INFO - Searching for files in /opt/airflow/dags
[2026-08-21T09:07:47.742+0000] {manager.py:824} INFO - There are 0 files in /opt/airflow/dags
[2026-08-21T09:12:48.045+0000] {manager.py:821} INFO - Searching for files in /opt/airflow/dags
[2026-08-21T09:12:48.058+0000] {manager.py:824} INFO - There are 0 files in /opt/airflow/dags
[2026-08-21T09:17:49.046+0000] {manager.py:821} INFO - Searching for files in /opt/airflow/dags
[2026-08-21T09:17:49.062+0000] {manager.py:824} INFO - There are 0 files in /opt/airflow/dags
[2026-08-21T09:22:49.471+0000] {manager.py:821} INFO - Searching for files in /opt/airflow/dags
[2026-08-21T09:22:49.498+0000] {manager.py:824} INFO - There are 0 files in /opt/airflow/dags
[2026-08-21T09:27:50.152+0000] {manager.py:821} INFO - Searching for files in /opt/airflow/dags
[2026-08-21T09:27:50.164+0000] {manager.py:824} INFO - There are 0 files in /opt/airflow/dags
[2026-08-21T09:32:50.621+0000] {manager.py:821} INFO - Searching for files in /opt/airflow/dags
[2026-08-21T09:32:50.629+0000] {manager.py:824} INFO - There are 0 files in /opt/airflow/dags
[2026-08-21T09:37:51.384+0000] {manager.py:821} INFO - Searching for files in /opt/airflow/dags
[2026-08-21T09:37:51.389+0000] {manager.py:824} INFO - There are 0 files in /opt/airflow/dags
[2026-08-21T09:42:51.388+0000] {manager.py:821} INFO - Searching for files in /opt/airflow/dags
[2026-08-21T09:42:51.397+0000] {manager.py:824} INFO - There are 0 files in /opt/airflow/dags
[2026-08-21T09:47:52.294+0000] {manager.py:821} INFO - Searching for files in /opt/airflow/dags
[2026-08-21T09:47:52.302+0000] {manager.py:824} INFO - There are 0 files in /opt/airflow/dags
[2026-08-21T09:52:52.383+0000] {manager.py:821} INFO - Searching for files in /opt/airflow/dags
[2026-08-21T09:52:52.408+0000] {manager.py:824} INFO - There are 0 files in /opt/airflow/dags
[2026-08-21T09:57:53.151+0000] {manager.py:821} INFO - Searching for files in /opt/airflow/dags
[2026-08-21T09:57:53.158+0000] {manager.py:824} INFO - There are 0 files in /opt/airflow/dags
[2026-08-21T10:02:53.479+0000] {manager.py:821} INFO - Searching for files in /opt/airflow/dags
[2026-08-21T10:02:53.486+0000] {manager.py:824} INFO - There are 0 files in /opt/airflow/dags
[2026-08-21T10:07:53.487+0000] {manager.py:821} INFO - Searching for files in /opt/airflow/dags
[2026-08-21T10:07:53.493+0000] {manager.py:824} INFO - There are 0 files in /opt/airflow/dags
[2026-08-21T10:12:53.679+0000] {manager.py:821} INFO - Searching for files in /opt/airflow/dags
[2026-08-21T10:12:53.686+0000] {manager.py:824} INFO - There are 0 files in /opt/airflow/dags
[2026-08-21T10:17:53.791+0000] {manager.py:821} INFO - Searching for files in /opt/airflow/dags
[2026-08-21T10:17:53.798+0000] {manager.py:824} INFO - There are 0 files in /opt/airflow/dags
[2026-08-21T10:22:54.330+0000] {manager.py:821} INFO - Searching for files in /opt/airflow/dags
[2026-08-21T10:22:54.338+0000] {manager.py:824} INFO - There are 0 files in /opt/airflow/dags
[2026-08-21T10:27:54.381+0000] {manager.py:821} INFO - Searching for files in /opt/airflow/dags
[2026-08-21T10:27:54.388+0000] {manager.py:824} INFO - There are 0 files in /opt/airflow/dags
[2026-08-21T10:32:54.447+0000] {manager.py:821} INFO - Searching for files in /opt/airflow/dags
[2026-08-21T10:32:54.454+0000] {manager.py:824} INFO - There are 0 files in /opt/airflow/dags
[2026-08-21T10:37:54.450+0000] {manager.py:821} INFO - Searching for files in /opt/airflow/dags
[2026-08-21T10:37:54.457+0000] {manager.py:824} INFO - There are 0 files in /opt/airflow/dags
[2026-08-21T10:42:54.494+0000] {manager.py:821} INFO - Searching for files in /opt/airflow/dags
[2026-08-21T10:42:54.499+0000] {manager.py:824} INFO - There are 0 files in /opt/airflow/dags
[2026-08-21T10:47:54.646+0000] {manager.py:821} INFO - Searching for files in /opt/airflow/dags
[2026-08-21T10:47:54.653+0000] {manager.py:824} INFO - There are 0 files in /opt/airflow/dags
[2026-08-21T10:52:55.631+0000] {manager.py:821} INFO - Searching for files in /opt/airflow/dags
[2026-08-21T10:52:55.640+0000] {manager.py:824} INFO - There are 0 files in /opt/airflow/dags
[2026-08-21T10:57:56.630+0000] {manager.py:821} INFO - Searching for files in /opt/airflow/dags
[2026-08-21T10:57:56.639+0000] {manager.py:824} INFO - There are 0 files in /opt/airflow/dags
[2026-08-21T11:02:56.728+0000] {manager.py:821} INFO - Searching for files in /opt/airflow/dags
[2026-08-21T11:02:56.740+0000] {manager.py:824} INFO - There are 0 files in /opt/airflow/dags
[2026-08-21T11:07:56.810+0000] {manager.py:821} INFO - Searching for files in /opt/airflow/dags
[2026-08-21T11:07:56.815+0000] {manager.py:824} INFO - There are 0 files in /opt/airflow/dags
[2026-08-21T11:12:56.937+0000] {manager.py:821} INFO - Searching for files in /opt/airflow/dags
[2026-08-21T11:12:56.944+0000] {manager.py:824} INFO - There are 0 files in /opt/airflow/dags
[2026-08-21T11:17:56.996+0000] {manager.py:821} INFO - Searching for files in /opt/airflow/dags
[2026-08-21T11:17:57.003+0000] {manager.py:824} INFO - There are 0 files in /opt/airflow/dags
[2026-08-21T11:22:57.100+0000] {manager.py:821} INFO - Searching for files in /opt/airflow/dags
[2026-08-21T11:22:57.107+0000] {manager.py:824} INFO - There are 0 files in /opt/airflow/dags
[2026-08-21T11:27:57.143+0000] {manager.py:821} INFO - Searching for files in /opt/airflow/dags
[2026-08-21T11:27:57.152+0000] {manager.py:824} INFO - There are 0 files in /opt/airflow/dags
[2026-08-21T11:32:57.166+0000] {manager.py:821} INFO - Searching for files in /opt/airflow/dags
[2026-08-21T11:32:57.173+0000] {manager.py:824} INFO - There are 0 files in /opt/airflow/dags
[2026-08-21T11:37:57.275+0000] {manager.py:821} INFO - Searching for files in /opt/airflow/dags
[2026-08-21T11:37:57.283+0000] {manager.py:824} INFO - There are 0 files in /opt/airflow/dags
[2026-08-21T11:42:57.345+0000] {manager.py:821} INFO - Searching for files in /opt/airflow/dags
[2026-08-21T11:42:57.353+0000] {manager.py:824} INFO - There are 0 files in /opt/airflow/dags
[2026-08-21T11:47:57.401+0000] {manager.py:821} INFO - Searching for files in /opt/airflow/dags
[2026-08-21T11:47:57.407+0000] {manager.py:824} INFO - There are 0 files in /opt/airflow/dags
[2026-08-21T11:52:57.553+0000] {manager.py:821} INFO - Searching for files in /opt/airflow/dags
[2026-08-21T11:52:57.560+0000] {manager.py:824} INFO - There are 0 files in /opt/airflow/dags
[2026-08-21T11:57:57.617+0000] {manager.py:821} INFO - Searching for files in /opt/airflow/dags
[2026-08-21T11:57:57.623+0000] {manager.py:824} INFO - There are 0 files in /opt/airflow/dags
[2026-08-21T12:02:57.702+0000] {manager.py:821} INFO - Searching for files in /opt/airflow/dags
[2026-08-21T12:02:57.708+0000] {manager.py:824} INFO - There are 0 files in /opt/airflow/dags
[2026-08-21T12:07:58.638+0000] {manager.py:821} INFO - Searching for files in /opt/airflow/dags
[2026-08-21T12:07:58.646+0000] {manager.py:824} INFO - There are 0 files in /opt/airflow/dags
[2026-08-21T12:12:59.557+0000] {manager.py:821} INFO - Searching for files in /opt/airflow/dags
[2026-08-21T12:12:59.570+0000] {manager.py:824} INFO - There are 0 files in /opt/airflow/dags
[2026-08-21T12:18:00.419+0000] {manager.py:821} INFO - Searching for files in /opt/airflow/dags
[2026-08-21T12:18:00.431+0000] {manager.py:824} INFO - There are 0 files in /opt/airflow/dags
[2026-08-21T12:23:01.138+0000] {manager.py:821} INFO - Searching for files in /opt/airflow/dags
[2026-08-21T12:23:01.154+0000] {manager.py:824} INFO - There are 0 files in /opt/airflow/dags
[2026-08-21T12:28:01.748+0000] {manager.py:821} INFO - Searching for files in /opt/airflow/dags
[2026-08-21T12:28:01.781+0000] {manager.py:824} INFO - There are 0 files in /opt/airflow/dags
[2026-08-21T12:33:02.488+0000] {manager.py:821} INFO - Searching for files in /opt/airflow/dags
[2026-08-21T12:33:02.494+0000] {manager.py:824} INFO - There are 0 files in /opt/airflow/dags
[2026-08-21T12:38:03.127+0000] {manager.py:821} INFO - Searching for files in /opt/airflow/dags
[2026-08-21T12:38:03.132+0000] {manager.py:824} INFO - There are 0 files in /opt/airflow/dags
[2026-08-21T12:43:03.734+0000] {manager.py:821} INFO - Searching for files in /opt/airflow/dags
[2026-08-21T12:43:03.742+0000] {manager.py:824} INFO - There are 0 files in /opt/airflow/dags
[2026-08-21T12:48:03.736+0000] {manager.py:821} INFO - Searching for files in /opt/airflow/dags
[2026-08-21T12:48:03.741+0000] {manager.py:824} INFO - There are 0 files in /opt/airflow/dags
[2026-08-21T12:53:03.901+0000] {manager.py:821} INFO - Searching for files in /opt/airflow/dags
[2026-08-21T12:53:03.907+0000] {manager.py:824} INFO - There are 0 files in /opt/airflow/dags
[2026-08-21T12:58:03.909+0000] {manager.py:821} INFO - Searching for files in /opt/airflow/dags
[2026-08-21T12:58:03.916+0000] {manager.py:824} INFO - There are 0 files in /opt/airflow/dags
[2026-08-21T13:03:03.923+0000] {manager.py:821} INFO - Searching for files in /opt/airflow/dags
[2026-08-21T13:03:03.933+0000] {manager.py:824} INFO - There are 0 files in /opt/airflow/dags
[2026-08-21T13:08:04.865+0000] {manager.py:821} INFO - Searching for files in /opt/airflow/dags
[2026-08-21T13:08:04.874+0000] {manager.py:824} INFO - There are 0 files in /opt/airflow/dags
[2026-08-21T13:13:04.922+0000] {manager.py:821} INFO - Searching for files in /opt/airflow/dags
[2026-08-21T13:13:04.930+0000] {manager.py:824} INFO - There are 0 files in /opt/airflow/dags
[2026-08-21T13:18:05.001+0000] {manager.py:821} INFO - Searching for files in /opt/airflow/dags
[2026-08-21T13:18:05.008+0000] {manager.py:824} INFO - There are 0 files in /opt/airflow/dags
[2026-08-21T13:23:05.080+0000] {manager.py:821} INFO - Searching for files in /opt/airflow/dags
[2026-08-21T13:23:05.085+0000] {manager.py:824} INFO - There are 0 files in /opt/airflow/dags
[2026-08-21T13:28:05.325+0000] {manager.py:821} INFO - Searching for files in /opt/airflow/dags
[2026-08-21T13:28:05.346+0000] {manager.py:824} INFO - There are 0 files in /opt/airflow/dags
[2026-08-21T13:33:05.676+0000] {manager.py:821} INFO - Searching for files in /opt/airflow/dags
[2026-08-21T13:33:05.695+0000] {manager.py:824} INFO - There are 0 files in /opt/airflow/dags
[2026-08-21T13:38:05.913+0000] {manager.py:821} INFO - Searching for files in /opt/airflow/dags
[2026-08-21T13:38:05.956+0000] {manager.py:824} INFO - There are 1 files in /opt/airflow/dags
[2026-08-21T13:38:12.642+0000] {manager.py:997} INFO - 
================================================================================
DAG File Processing Stats

File Path                       PID    Runtime      # DAGs    # Errors  Last Runtime    Last Run               Last # of DB Queries
------------------------------  -----  ---------  --------  ----------  --------------  -------------------  ----------------------
/opt/airflow/dags/first_dag.py                           1           0  2.09s           2026-08-21T13:38:08                      45
================================================================================
[2026-08-21T13:38:43.018+0000] {manager.py:997} INFO - 
================================================================================
DAG File Processing Stats

File Path                       PID    Runtime      # DAGs    # Errors  Last Runtime    Last Run               Last # of DB Queries
------------------------------  -----  ---------  --------  ----------  --------------  -------------------  ----------------------
/opt/airflow/dags/first_dag.py                           1           0  0.49s           2026-08-21T13:38:39                      12
================================================================================
[2026-08-21T13:39:13.073+0000] {manager.py:997} INFO - 
================================================================================
DAG File Processing Stats

File Path                       PID    Runtime      # DAGs    # Errors  Last Runtime    Last Run               Last # of DB Queries
------------------------------  -----  ---------  --------  ----------  --------------  -------------------  ----------------------
/opt/airflow/dags/first_dag.py                           1           0  0.43s           2026-08-21T13:39:10                      12
================================================================================
[2026-08-21T13:39:43.351+0000] {manager.py:997} INFO - 
================================================================================
DAG File Processing Stats

File Path                       PID    Runtime      # DAGs    # Errors  Last Runtime    Last Run               Last # of DB Queries
------------------------------  -----  ---------  --------  ----------  --------------  -------------------  ----------------------
/opt/airflow/dags/first_dag.py                           1           0  0.18s           2026-08-21T13:39:40                      12
================================================================================
[2026-08-21T13:40:13.796+0000] {manager.py:997} INFO - 
================================================================================
DAG File Processing Stats

File Path                       PID    Runtime      # DAGs    # Errors  Last Runtime    Last Run               Last # of DB Queries
------------------------------  -----  ---------  --------  ----------  --------------  -------------------  ----------------------
/opt/airflow/dags/first_dag.py                           1           0  0.18s           2026-08-21T13:40:10                      12
================================================================================
[2026-08-21T13:40:44.100+0000] {manager.py:997} INFO - 
================================================================================
DAG File Processing Stats

File Path                       PID    Runtime      # DAGs    # Errors  Last Runtime    Last Run               Last # of DB Queries
------------------------------  -----  ---------  --------  ----------  --------------  -------------------  ----------------------
/opt/airflow/dags/first_dag.py                           1           0  0.17s           2026-08-21T13:40:41                      12
================================================================================
[2026-08-21T13:41:14.509+0000] {manager.py:997} INFO - 
================================================================================
DAG File Processing Stats

File Path                       PID    Runtime      # DAGs    # Errors  Last Runtime    Last Run               Last # of DB Queries
------------------------------  -----  ---------  --------  ----------  --------------  -------------------  ----------------------
/opt/airflow/dags/first_dag.py                           1           0  0.19s           2026-08-21T13:41:11                      12
================================================================================
[2026-08-21T13:41:44.873+0000] {manager.py:997} INFO - 
================================================================================
DAG File Processing Stats

File Path                       PID    Runtime      # DAGs    # Errors  Last Runtime    Last Run               Last # of DB Queries
------------------------------  -----  ---------  --------  ----------  --------------  -------------------  ----------------------
/opt/airflow/dags/first_dag.py                           1           0  0.44s           2026-08-21T13:41:42                      12
================================================================================
[2026-08-21T13:42:15.620+0000] {manager.py:997} INFO - 
================================================================================
DAG File Processing Stats

File Path                       PID    Runtime      # DAGs    # Errors  Last Runtime    Last Run               Last # of DB Queries
------------------------------  -----  ---------  --------  ----------  --------------  -------------------  ----------------------
/opt/airflow/dags/first_dag.py                           1           0  0.16s           2026-08-21T13:42:12                      12
================================================================================
[2026-08-21T13:42:46.021+0000] {manager.py:997} INFO - 
================================================================================
DAG File Processing Stats

File Path                       PID    Runtime      # DAGs    # Errors  Last Runtime    Last Run               Last # of DB Queries
------------------------------  -----  ---------  --------  ----------  --------------  -------------------  ----------------------
/opt/airflow/dags/first_dag.py                           1           0  0.20s           2026-08-21T13:42:43                      12
================================================================================
[2026-08-21T13:43:06.179+0000] {manager.py:821} INFO - Searching for files in /opt/airflow/dags
[2026-08-21T13:43:06.198+0000] {manager.py:824} INFO - There are 1 files in /opt/airflow/dags
[2026-08-21T13:43:16.356+0000] {manager.py:997} INFO - 
================================================================================
DAG File Processing Stats

File Path                       PID    Runtime      # DAGs    # Errors  Last Runtime    Last Run               Last # of DB Queries
------------------------------  -----  ---------  --------  ----------  --------------  -------------------  ----------------------
/opt/airflow/dags/first_dag.py                           1           0  0.18s           2026-08-21T13:43:13                      12
================================================================================
[2026-08-21T13:43:46.757+0000] {manager.py:997} INFO - 
================================================================================
DAG File Processing Stats

File Path                       PID    Runtime      # DAGs    # Errors  Last Runtime    Last Run               Last # of DB Queries
------------------------------  -----  ---------  --------  ----------  --------------  -------------------  ----------------------
/opt/airflow/dags/first_dag.py                           1           0  0.17s           2026-08-21T13:43:43                      12
================================================================================
[2026-08-21T13:44:17.074+0000] {manager.py:997} INFO - 
================================================================================
DAG File Processing Stats

File Path                       PID    Runtime      # DAGs    # Errors  Last Runtime    Last Run               Last # of DB Queries
------------------------------  -----  ---------  --------  ----------  --------------  -------------------  ----------------------
/opt/airflow/dags/first_dag.py                           1           0  0.37s           2026-08-21T13:44:14                      12
================================================================================
[2026-08-21T13:44:47.185+0000] {manager.py:997} INFO - 
================================================================================
DAG File Processing Stats

File Path                       PID    Runtime      # DAGs    # Errors  Last Runtime    Last Run               Last # of DB Queries
------------------------------  -----  ---------  --------  ----------  --------------  -------------------  ----------------------
/opt/airflow/dags/first_dag.py                           1           0  0.51s           2026-08-21T13:44:45                      12
================================================================================
[2026-08-21T13:45:17.493+0000] {manager.py:997} INFO - 
================================================================================
DAG File Processing Stats

File Path                       PID    Runtime      # DAGs    # Errors  Last Runtime    Last Run               Last # of DB Queries
------------------------------  -----  ---------  --------  ----------  --------------  -------------------  ----------------------
/opt/airflow/dags/first_dag.py                           1           0  0.19s           2026-08-21T13:45:15                      12
================================================================================
[2026-08-21T13:45:47.897+0000] {manager.py:997} INFO - 
================================================================================
DAG File Processing Stats

File Path                       PID    Runtime      # DAGs    # Errors  Last Runtime    Last Run               Last # of DB Queries
------------------------------  -----  ---------  --------  ----------  --------------  -------------------  ----------------------
/opt/airflow/dags/first_dag.py                           1           0  0.19s           2026-08-21T13:45:45                      12
================================================================================
[2026-08-21T13:46:18.186+0000] {manager.py:997} INFO - 
================================================================================
DAG File Processing Stats

File Path                       PID    Runtime      # DAGs    # Errors  Last Runtime    Last Run               Last # of DB Queries
------------------------------  -----  ---------  --------  ----------  --------------  -------------------  ----------------------
/opt/airflow/dags/first_dag.py                           1           0  0.16s           2026-08-21T13:46:16                      12
================================================================================
[2026-08-21T13:46:48.602+0000] {manager.py:997} INFO - 
================================================================================
DAG File Processing Stats

File Path                       PID    Runtime      # DAGs    # Errors  Last Runtime    Last Run               Last # of DB Queries
------------------------------  -----  ---------  --------  ----------  --------------  -------------------  ----------------------
/opt/airflow/dags/first_dag.py                           1           0  0.17s           2026-08-21T13:46:46                      12
================================================================================
[2026-08-21T13:47:18.933+0000] {manager.py:997} INFO - 
================================================================================
DAG File Processing Stats

File Path                       PID    Runtime      # DAGs    # Errors  Last Runtime    Last Run               Last # of DB Queries
------------------------------  -----  ---------  --------  ----------  --------------  -------------------  ----------------------
/opt/airflow/dags/first_dag.py                           1           0  0.35s           2026-08-21T13:47:17                      12
================================================================================
[2026-08-21T13:47:49.571+0000] {manager.py:997} INFO - 
================================================================================
DAG File Processing Stats

File Path                       PID    Runtime      # DAGs    # Errors  Last Runtime    Last Run               Last # of DB Queries
------------------------------  -----  ---------  --------  ----------  --------------  -------------------  ----------------------
/opt/airflow/dags/first_dag.py                           1           0  0.31s           2026-08-21T13:47:47                      12
================================================================================
[2026-08-21T13:48:06.737+0000] {manager.py:821} INFO - Searching for files in /opt/airflow/dags
[2026-08-21T13:48:06.758+0000] {manager.py:824} INFO - There are 1 files in /opt/airflow/dags
[2026-08-21T13:48:19.909+0000] {manager.py:997} INFO - 
================================================================================
DAG File Processing Stats

File Path                       PID    Runtime      # DAGs    # Errors  Last Runtime    Last Run               Last # of DB Queries
------------------------------  -----  ---------  --------  ----------  --------------  -------------------  ----------------------
/opt/airflow/dags/first_dag.py                           1           0  0.16s           2026-08-21T13:48:18                      12
================================================================================
[2026-08-21T13:48:50.285+0000] {manager.py:997} INFO - 
================================================================================
DAG File Processing Stats

File Path                       PID    Runtime      # DAGs    # Errors  Last Runtime    Last Run               Last # of DB Queries
------------------------------  -----  ---------  --------  ----------  --------------  -------------------  ----------------------
/opt/airflow/dags/first_dag.py                           1           0  0.17s           2026-08-21T13:48:48                      12
================================================================================
[2026-08-21T13:49:20.682+0000] {manager.py:997} INFO - 
================================================================================
DAG File Processing Stats

File Path                       PID    Runtime      # DAGs    # Errors  Last Runtime    Last Run               Last # of DB Queries
------------------------------  -----  ---------  --------  ----------  --------------  -------------------  ----------------------
/opt/airflow/dags/first_dag.py                           1           0  0.17s           2026-08-21T13:49:18                      12
================================================================================
[2026-08-21T13:49:51.004+0000] {manager.py:997} INFO - 
================================================================================
DAG File Processing Stats

File Path                       PID    Runtime      # DAGs    # Errors  Last Runtime    Last Run               Last # of DB Queries
------------------------------  -----  ---------  --------  ----------  --------------  -------------------  ----------------------
/opt/airflow/dags/first_dag.py                           1           0  0.16s           2026-08-21T13:49:49                      12
================================================================================
[2026-08-21T13:50:21.429+0000] {manager.py:997} INFO - 
================================================================================
DAG File Processing Stats

File Path                       PID    Runtime      # DAGs    # Errors  Last Runtime    Last Run               Last # of DB Queries
------------------------------  -----  ---------  --------  ----------  --------------  -------------------  ----------------------
/opt/airflow/dags/first_dag.py                           1           0  0.36s           2026-08-21T13:50:19                      12
================================================================================
[2026-08-21T13:50:51.768+0000] {manager.py:997} INFO - 
================================================================================
DAG File Processing Stats

File Path                       PID    Runtime      # DAGs    # Errors  Last Runtime    Last Run               Last # of DB Queries
------------------------------  -----  ---------  --------  ----------  --------------  -------------------  ----------------------
/opt/airflow/dags/first_dag.py                           1           0  0.19s           2026-08-21T13:50:49                      12
================================================================================
[2026-08-21T13:51:22.192+0000] {manager.py:997} INFO - 
================================================================================
DAG File Processing Stats

File Path                       PID    Runtime      # DAGs    # Errors  Last Runtime    Last Run               Last # of DB Queries
------------------------------  -----  ---------  --------  ----------  --------------  -------------------  ----------------------
/opt/airflow/dags/first_dag.py                           1           0  0.16s           2026-08-21T13:51:20                      12
================================================================================
[2026-08-21T13:51:52.535+0000] {manager.py:997} INFO - 
================================================================================
DAG File Processing Stats

File Path                       PID    Runtime      # DAGs    # Errors  Last Runtime    Last Run               Last # of DB Queries
------------------------------  -----  ---------  --------  ----------  --------------  -------------------  ----------------------
/opt/airflow/dags/first_dag.py                           1           0  0.17s           2026-08-21T13:51:50                      12
================================================================================
[2026-08-21T13:52:22.915+0000] {manager.py:997} INFO - 
================================================================================
DAG File Processing Stats

File Path                       PID    Runtime      # DAGs    # Errors  Last Runtime    Last Run               Last # of DB Queries
------------------------------  -----  ---------  --------  ----------  --------------  -------------------  ----------------------
/opt/airflow/dags/first_dag.py                           1           0  0.16s           2026-08-21T13:52:20                      12
================================================================================
[2026-08-21T13:52:53.253+0000] {manager.py:997} INFO - 
================================================================================
DAG File Processing Stats

File Path                       PID    Runtime      # DAGs    # Errors  Last Runtime    Last Run               Last # of DB Queries
------------------------------  -----  ---------  --------  ----------  --------------  -------------------  ----------------------
/opt/airflow/dags/first_dag.py                           1           0  0.38s           2026-08-21T13:52:51                      12
================================================================================
[2026-08-21T13:53:07.384+0000] {manager.py:821} INFO - Searching for files in /opt/airflow/dags
[2026-08-21T13:53:07.410+0000] {manager.py:824} INFO - There are 1 files in /opt/airflow/dags
[2026-08-21T13:53:23.867+0000] {manager.py:997} INFO - 
================================================================================
DAG File Processing Stats

File Path                       PID    Runtime      # DAGs    # Errors  Last Runtime    Last Run               Last # of DB Queries
------------------------------  -----  ---------  --------  ----------  --------------  -------------------  ----------------------
/opt/airflow/dags/first_dag.py                           1           0  0.37s           2026-08-21T13:53:22                      12
================================================================================
[2026-08-21T13:53:54.556+0000] {manager.py:997} INFO - 
================================================================================
DAG File Processing Stats

File Path                       PID    Runtime      # DAGs    # Errors  Last Runtime    Last Run               Last # of DB Queries
------------------------------  -----  ---------  --------  ----------  --------------  -------------------  ----------------------
/opt/airflow/dags/first_dag.py                           1           0  0.15s           2026-08-21T13:53:52                      12
================================================================================
[2026-08-21T13:54:24.926+0000] {manager.py:997} INFO - 
================================================================================
DAG File Processing Stats

File Path                       PID    Runtime      # DAGs    # Errors  Last Runtime    Last Run               Last # of DB Queries
------------------------------  -----  ---------  --------  ----------  --------------  -------------------  ----------------------
/opt/airflow/dags/first_dag.py                           1           0  0.17s           2026-08-21T13:54:22                      12
================================================================================
[2026-08-21T13:54:55.279+0000] {manager.py:997} INFO - 
================================================================================
DAG File Processing Stats

File Path                       PID    Runtime      # DAGs    # Errors  Last Runtime    Last Run               Last # of DB Queries
------------------------------  -----  ---------  --------  ----------  --------------  -------------------  ----------------------
/opt/airflow/dags/first_dag.py                           1           0  0.28s           2026-08-21T13:54:53                      12
================================================================================
[2026-08-21T13:55:25.740+0000] {manager.py:997} INFO - 
================================================================================
DAG File Processing Stats

File Path                       PID    Runtime      # DAGs    # Errors  Last Runtime    Last Run               Last # of DB Queries
------------------------------  -----  ---------  --------  ----------  --------------  -------------------  ----------------------
/opt/airflow/dags/first_dag.py                           1           0  0.21s           2026-08-21T13:55:23                      12
================================================================================
[2026-08-21T13:55:56.027+0000] {manager.py:997} INFO - 
================================================================================
DAG File Processing Stats

File Path                       PID    Runtime      # DAGs    # Errors  Last Runtime    Last Run               Last # of DB Queries
------------------------------  -----  ---------  --------  ----------  --------------  -------------------  ----------------------
/opt/airflow/dags/first_dag.py                           1           0  0.37s           2026-08-21T13:55:54                      12
================================================================================
[2026-08-21T13:56:26.102+0000] {manager.py:997} INFO - 
================================================================================
DAG File Processing Stats

File Path                       PID    Runtime      # DAGs    # Errors  Last Runtime    Last Run               Last # of DB Queries
------------------------------  -----  ---------  --------  ----------  --------------  -------------------  ----------------------
/opt/airflow/dags/first_dag.py                           1           0  0.40s           2026-08-21T13:56:25                      12
================================================================================
[2026-08-21T13:56:56.416+0000] {manager.py:997} INFO - 
================================================================================
DAG File Processing Stats

File Path                       PID    Runtime      # DAGs    # Errors  Last Runtime    Last Run               Last # of DB Queries
------------------------------  -----  ---------  --------  ----------  --------------  -------------------  ----------------------
/opt/airflow/dags/first_dag.py                           1           0  0.19s           2026-08-21T13:56:55                      12
================================================================================
[2026-08-21T13:57:26.836+0000] {manager.py:997} INFO - 
================================================================================
DAG File Processing Stats

File Path                       PID    Runtime      # DAGs    # Errors  Last Runtime    Last Run               Last # of DB Queries
------------------------------  -----  ---------  --------  ----------  --------------  -------------------  ----------------------
/opt/airflow/dags/first_dag.py                           1           0  0.21s           2026-08-21T13:57:25                      12
================================================================================
[2026-08-21T13:57:57.172+0000] {manager.py:997} INFO - 
================================================================================
DAG File Processing Stats

File Path                       PID    Runtime      # DAGs    # Errors  Last Runtime    Last Run               Last # of DB Queries
------------------------------  -----  ---------  --------  ----------  --------------  -------------------  ----------------------
/opt/airflow/dags/first_dag.py                           1           0  0.17s           2026-08-21T13:57:56                      12
================================================================================
[2026-08-21T13:58:07.386+0000] {manager.py:821} INFO - Searching for files in /opt/airflow/dags
[2026-08-21T13:58:07.406+0000] {manager.py:824} INFO - There are 1 files in /opt/airflow/dags
[2026-08-21T13:58:27.438+0000] {manager.py:997} INFO - 
================================================================================
DAG File Processing Stats

File Path                       PID    Runtime      # DAGs    # Errors  Last Runtime    Last Run               Last # of DB Queries
------------------------------  -----  ---------  --------  ----------  --------------  -------------------  ----------------------
/opt/airflow/dags/first_dag.py                           1           0  0.16s           2026-08-21T13:58:26                      12
================================================================================
[2026-08-21T13:58:57.843+0000] {manager.py:997} INFO - 
================================================================================
DAG File Processing Stats

File Path                       PID    Runtime      # DAGs    # Errors  Last Runtime    Last Run               Last # of DB Queries
------------------------------  -----  ---------  --------  ----------  --------------  -------------------  ----------------------
/opt/airflow/dags/first_dag.py                           1           0  0.34s           2026-08-21T13:58:57                      12
================================================================================
[2026-08-21T13:59:28.378+0000] {manager.py:997} INFO - 
================================================================================
DAG File Processing Stats

File Path                       PID    Runtime      # DAGs    # Errors  Last Runtime    Last Run               Last # of DB Queries
------------------------------  -----  ---------  --------  ----------  --------------  -------------------  ----------------------
/opt/airflow/dags/first_dag.py                           1           0  0.33s           2026-08-21T13:59:27                      12
================================================================================
[2026-08-21T13:59:58.701+0000] {manager.py:997} INFO - 
================================================================================
DAG File Processing Stats

File Path                       PID    Runtime      # DAGs    # Errors  Last Runtime    Last Run               Last # of DB Queries
------------------------------  -----  ---------  --------  ----------  --------------  -------------------  ----------------------
/opt/airflow/dags/first_dag.py                           1           0  0.16s           2026-08-21T13:59:57                      12
================================================================================
[2026-08-21T14:00:29.040+0000] {manager.py:997} INFO - 
================================================================================
DAG File Processing Stats

File Path                       PID    Runtime      # DAGs    # Errors  Last Runtime    Last Run               Last # of DB Queries
------------------------------  -----  ---------  --------  ----------  --------------  -------------------  ----------------------
/opt/airflow/dags/first_dag.py                           1           0  0.17s           2026-08-21T14:00:28                      12
================================================================================
[2026-08-21T14:00:59.420+0000] {manager.py:997} INFO - 
================================================================================
DAG File Processing Stats

File Path                       PID    Runtime      # DAGs    # Errors  Last Runtime    Last Run               Last # of DB Queries
------------------------------  -----  ---------  --------  ----------  --------------  -------------------  ----------------------
/opt/airflow/dags/first_dag.py                           1           0  0.24s           2026-08-21T14:00:58                      12
================================================================================
[2026-08-21T14:01:29.793+0000] {manager.py:997} INFO - 
================================================================================
DAG File Processing Stats

File Path                       PID    Runtime      # DAGs    # Errors  Last Runtime    Last Run               Last # of DB Queries
------------------------------  -----  ---------  --------  ----------  --------------  -------------------  ----------------------
/opt/airflow/dags/first_dag.py                           1           0  0.45s           2026-08-21T14:01:29                      12
================================================================================
[2026-08-21T14:01:59.877+0000] {manager.py:997} INFO - 
================================================================================
DAG File Processing Stats

File Path                       PID    Runtime      # DAGs    # Errors  Last Runtime    Last Run               Last # of DB Queries
------------------------------  -----  ---------  --------  ----------  --------------  -------------------  ----------------------
/opt/airflow/dags/first_dag.py                           1           0  0.40s           2026-08-21T14:01:59                      12
================================================================================
[2026-08-21T14:02:30.146+0000] {manager.py:997} INFO - 
================================================================================
DAG File Processing Stats

File Path                         PID  Runtime      # DAGs    # Errors  Last Runtime    Last Run               Last # of DB Queries
------------------------------  -----  ---------  --------  ----------  --------------  -------------------  ----------------------
/opt/airflow/dags/first_dag.py    489  0.01s             1           0  0.40s           2026-08-21T14:01:59                      12
================================================================================
[2026-08-21T14:03:00.445+0000] {manager.py:997} INFO - 
================================================================================
DAG File Processing Stats

File Path                       PID    Runtime      # DAGs    # Errors  Last Runtime    Last Run               Last # of DB Queries
------------------------------  -----  ---------  --------  ----------  --------------  -------------------  ----------------------
/opt/airflow/dags/first_dag.py                           1           0  0.34s           2026-08-21T14:02:30                      12
================================================================================
[2026-08-21T14:03:07.541+0000] {manager.py:821} INFO - Searching for files in /opt/airflow/dags
[2026-08-21T14:03:07.569+0000] {manager.py:824} INFO - There are 1 files in /opt/airflow/dags
[2026-08-21T14:03:30.794+0000] {manager.py:997} INFO - 
================================================================================
DAG File Processing Stats

File Path                       PID    Runtime      # DAGs    # Errors  Last Runtime    Last Run               Last # of DB Queries
------------------------------  -----  ---------  --------  ----------  --------------  -------------------  ----------------------
/opt/airflow/dags/first_dag.py                           1           0  0.68s           2026-08-21T14:03:01                      12
================================================================================
[2026-08-21T14:04:01.119+0000] {manager.py:997} INFO - 
================================================================================
DAG File Processing Stats

File Path                       PID    Runtime      # DAGs    # Errors  Last Runtime    Last Run               Last # of DB Queries
------------------------------  -----  ---------  --------  ----------  --------------  -------------------  ----------------------
/opt/airflow/dags/first_dag.py                           1           0  0.25s           2026-08-21T14:03:32                      12
================================================================================
[2026-08-21T14:04:31.408+0000] {manager.py:997} INFO - 
================================================================================
DAG File Processing Stats

File Path                       PID    Runtime      # DAGs    # Errors  Last Runtime    Last Run               Last # of DB Queries
------------------------------  -----  ---------  --------  ----------  --------------  -------------------  ----------------------
/opt/airflow/dags/first_dag.py                           1           0  0.17s           2026-08-21T14:04:02                      12
================================================================================
[2026-08-21T14:05:01.801+0000] {manager.py:997} INFO - 
================================================================================
DAG File Processing Stats

File Path                       PID    Runtime      # DAGs    # Errors  Last Runtime    Last Run               Last # of DB Queries
------------------------------  -----  ---------  --------  ----------  --------------  -------------------  ----------------------
/opt/airflow/dags/first_dag.py                           1           0  0.48s           2026-08-21T14:04:32                      12
================================================================================
[2026-08-21T14:05:31.900+0000] {manager.py:997} INFO - 
================================================================================
DAG File Processing Stats

File Path                       PID    Runtime      # DAGs    # Errors  Last Runtime    Last Run               Last # of DB Queries
------------------------------  -----  ---------  --------  ----------  --------------  -------------------  ----------------------
/opt/airflow/dags/first_dag.py                           1           0  0.46s           2026-08-21T14:05:03                      12
================================================================================
[2026-08-21T14:06:02.183+0000] {manager.py:997} INFO - 
================================================================================
DAG File Processing Stats

File Path                       PID    Runtime      # DAGs    # Errors  Last Runtime    Last Run               Last # of DB Queries
------------------------------  -----  ---------  --------  ----------  --------------  -------------------  ----------------------
/opt/airflow/dags/first_dag.py                           1           0  0.17s           2026-08-21T14:05:34                      12
================================================================================
[2026-08-21T14:06:32.598+0000] {manager.py:997} INFO - 
================================================================================
DAG File Processing Stats

File Path                       PID    Runtime      # DAGs    # Errors  Last Runtime    Last Run               Last # of DB Queries
------------------------------  -----  ---------  --------  ----------  --------------  -------------------  ----------------------
/opt/airflow/dags/first_dag.py                           1           0  0.16s           2026-08-21T14:06:04                      12
================================================================================
[2026-08-21T14:07:02.932+0000] {manager.py:997} INFO - 
================================================================================
DAG File Processing Stats

File Path                       PID    Runtime      # DAGs    # Errors  Last Runtime    Last Run               Last # of DB Queries
------------------------------  -----  ---------  --------  ----------  --------------  -------------------  ----------------------
/opt/airflow/dags/first_dag.py                           1           0  0.16s           2026-08-21T14:06:34                      12
================================================================================
[2026-08-21T14:07:33.292+0000] {manager.py:997} INFO - 
================================================================================
DAG File Processing Stats

File Path                       PID    Runtime      # DAGs    # Errors  Last Runtime    Last Run               Last # of DB Queries
------------------------------  -----  ---------  --------  ----------  --------------  -------------------  ----------------------
/opt/airflow/dags/first_dag.py                           1           0  0.16s           2026-08-21T14:07:05                      12
================================================================================
[2026-08-21T14:08:03.607+0000] {manager.py:997} INFO - 
================================================================================
DAG File Processing Stats

File Path                       PID    Runtime      # DAGs    # Errors  Last Runtime    Last Run               Last # of DB Queries
------------------------------  -----  ---------  --------  ----------  --------------  -------------------  ----------------------
/opt/airflow/dags/first_dag.py                           1           0  0.30s           2026-08-21T14:07:35                      12
================================================================================
[2026-08-21T14:08:07.930+0000] {manager.py:821} INFO - Searching for files in /opt/airflow/dags
[2026-08-21T14:08:07.971+0000] {manager.py:824} INFO - There are 1 files in /opt/airflow/dags
[2026-08-21T14:08:34.195+0000] {manager.py:997} INFO - 
================================================================================
DAG File Processing Stats

File Path                       PID    Runtime      # DAGs    # Errors  Last Runtime    Last Run               Last # of DB Queries
------------------------------  -----  ---------  --------  ----------  --------------  -------------------  ----------------------
/opt/airflow/dags/first_dag.py                           1           0  0.39s           2026-08-21T14:08:06                      12
================================================================================
[2026-08-21T14:09:04.910+0000] {manager.py:997} INFO - 
================================================================================
DAG File Processing Stats

File Path                       PID    Runtime      # DAGs    # Errors  Last Runtime    Last Run               Last # of DB Queries
------------------------------  -----  ---------  --------  ----------  --------------  -------------------  ----------------------
/opt/airflow/dags/first_dag.py                           1           0  0.20s           2026-08-21T14:08:36                      12
================================================================================
[2026-08-21T14:09:35.303+0000] {manager.py:997} INFO - 
================================================================================
DAG File Processing Stats

File Path                       PID    Runtime      # DAGs    # Errors  Last Runtime    Last Run               Last # of DB Queries
------------------------------  -----  ---------  --------  ----------  --------------  -------------------  ----------------------
/opt/airflow/dags/first_dag.py                           1           0  0.14s           2026-08-21T14:09:07                      12
================================================================================
[2026-08-21T14:10:05.597+0000] {manager.py:997} INFO - 
================================================================================
DAG File Processing Stats

File Path                       PID    Runtime      # DAGs    # Errors  Last Runtime    Last Run               Last # of DB Queries
------------------------------  -----  ---------  --------  ----------  --------------  -------------------  ----------------------
/opt/airflow/dags/first_dag.py                           1           0  0.17s           2026-08-21T14:09:37                      12
================================================================================
[2026-08-21T14:10:36.023+0000] {manager.py:997} INFO - 
================================================================================
DAG File Processing Stats

File Path                       PID    Runtime      # DAGs    # Errors  Last Runtime    Last Run               Last # of DB Queries
------------------------------  -----  ---------  --------  ----------  --------------  -------------------  ----------------------
/opt/airflow/dags/first_dag.py                           1           0  0.34s           2026-08-21T14:10:07                      12
================================================================================
[2026-08-21T14:11:06.446+0000] {manager.py:997} INFO - 
================================================================================
DAG File Processing Stats

File Path                       PID    Runtime      # DAGs    # Errors  Last Runtime    Last Run               Last # of DB Queries
------------------------------  -----  ---------  --------  ----------  --------------  -------------------  ----------------------
/opt/airflow/dags/first_dag.py                           1           0  0.34s           2026-08-21T14:10:38                      12
================================================================================
[2026-08-21T14:11:36.979+0000] {manager.py:997} INFO - 
================================================================================
DAG File Processing Stats

File Path                       PID    Runtime      # DAGs    # Errors  Last Runtime    Last Run               Last # of DB Queries
------------------------------  -----  ---------  --------  ----------  --------------  -------------------  ----------------------
/opt/airflow/dags/first_dag.py                           1           0  0.40s           2026-08-21T14:11:08                      12
================================================================================
[2026-08-21T14:12:07.419+0000] {manager.py:997} INFO - 
================================================================================
DAG File Processing Stats

File Path                       PID    Runtime      # DAGs    # Errors  Last Runtime    Last Run               Last # of DB Queries
------------------------------  -----  ---------  --------  ----------  --------------  -------------------  ----------------------
/opt/airflow/dags/first_dag.py                           1           0  0.19s           2026-08-21T14:11:39                      12
================================================================================
[2026-08-21T14:12:37.746+0000] {manager.py:997} INFO - 
================================================================================
DAG File Processing Stats

File Path                       PID    Runtime      # DAGs    # Errors  Last Runtime    Last Run               Last # of DB Queries
------------------------------  -----  ---------  --------  ----------  --------------  -------------------  ----------------------
/opt/airflow/dags/first_dag.py                           1           0  0.14s           2026-08-21T14:12:09                      12
================================================================================
[2026-08-21T14:13:08.099+0000] {manager.py:821} INFO - Searching for files in /opt/airflow/dags
[2026-08-21T14:13:08.120+0000] {manager.py:824} INFO - There are 1 files in /opt/airflow/dags
[2026-08-21T14:13:08.132+0000] {manager.py:997} INFO - 
================================================================================
DAG File Processing Stats

File Path                       PID    Runtime      # DAGs    # Errors  Last Runtime    Last Run               Last # of DB Queries
------------------------------  -----  ---------  --------  ----------  --------------  -------------------  ----------------------
/opt/airflow/dags/first_dag.py                           1           0  0.16s           2026-08-21T14:12:39                      12
================================================================================
[2026-08-21T14:13:38.452+0000] {manager.py:997} INFO - 
================================================================================
DAG File Processing Stats

File Path                       PID    Runtime      # DAGs    # Errors  Last Runtime    Last Run               Last # of DB Queries
------------------------------  -----  ---------  --------  ----------  --------------  -------------------  ----------------------
/opt/airflow/dags/first_dag.py                           1           0  0.41s           2026-08-21T14:13:10                      12
================================================================================
[2026-08-21T14:14:09.097+0000] {manager.py:997} INFO - 
================================================================================
DAG File Processing Stats

File Path                       PID    Runtime      # DAGs    # Errors  Last Runtime    Last Run               Last # of DB Queries
------------------------------  -----  ---------  --------  ----------  --------------  -------------------  ----------------------
/opt/airflow/dags/first_dag.py                           1           0  0.38s           2026-08-21T14:13:41                      12
================================================================================
[2026-08-21T14:14:39.760+0000] {manager.py:997} INFO - 
================================================================================
DAG File Processing Stats

File Path                       PID    Runtime      # DAGs    # Errors  Last Runtime    Last Run               Last # of DB Queries
------------------------------  -----  ---------  --------  ----------  --------------  -------------------  ----------------------
/opt/airflow/dags/first_dag.py                           1           0  0.17s           2026-08-21T14:14:11                      12
================================================================================
[2026-08-21T14:15:10.096+0000] {manager.py:997} INFO - 
================================================================================
DAG File Processing Stats

File Path                       PID    Runtime      # DAGs    # Errors  Last Runtime    Last Run               Last # of DB Queries
------------------------------  -----  ---------  --------  ----------  --------------  -------------------  ----------------------
/opt/airflow/dags/first_dag.py                           1           0  0.15s           2026-08-21T14:14:41                      12
================================================================================
[2026-08-21T14:15:40.445+0000] {manager.py:997} INFO - 
================================================================================
DAG File Processing Stats

File Path                       PID    Runtime      # DAGs    # Errors  Last Runtime    Last Run               Last # of DB Queries
------------------------------  -----  ---------  --------  ----------  --------------  -------------------  ----------------------
/opt/airflow/dags/first_dag.py                           1           0  0.21s           2026-08-21T14:15:12                      12
================================================================================
[2026-08-21T14:16:10.837+0000] {manager.py:997} INFO - 
================================================================================
DAG File Processing Stats

File Path                       PID    Runtime      # DAGs    # Errors  Last Runtime    Last Run               Last # of DB Queries
------------------------------  -----  ---------  --------  ----------  --------------  -------------------  ----------------------
/opt/airflow/dags/first_dag.py                           1           0  0.34s           2026-08-21T14:15:42                      12
================================================================================
[2026-08-21T14:16:41.364+0000] {manager.py:997} INFO - 
================================================================================
DAG File Processing Stats

File Path                       PID    Runtime      # DAGs    # Errors  Last Runtime    Last Run               Last # of DB Queries
------------------------------  -----  ---------  --------  ----------  --------------  -------------------  ----------------------
/opt/airflow/dags/first_dag.py                           1           0  0.34s           2026-08-21T14:16:13                      12
================================================================================
[2026-08-21T14:17:11.783+0000] {manager.py:997} INFO - 
================================================================================
DAG File Processing Stats

File Path                       PID    Runtime      # DAGs    # Errors  Last Runtime    Last Run               Last # of DB Queries
------------------------------  -----  ---------  --------  ----------  --------------  -------------------  ----------------------
/opt/airflow/dags/first_dag.py                           1           0  0.37s           2026-08-21T14:16:43                      12
================================================================================
[2026-08-21T14:17:42.220+0000] {manager.py:997} INFO - 
================================================================================
DAG File Processing Stats

File Path                       PID    Runtime      # DAGs    # Errors  Last Runtime    Last Run               Last # of DB Queries
------------------------------  -----  ---------  --------  ----------  --------------  -------------------  ----------------------
/opt/airflow/dags/first_dag.py                           1           0  0.18s           2026-08-21T14:17:13                      12
================================================================================
[2026-08-21T14:18:08.472+0000] {manager.py:821} INFO - Searching for files in /opt/airflow/dags
[2026-08-21T14:18:08.500+0000] {manager.py:824} INFO - There are 1 files in /opt/airflow/dags
[2026-08-21T14:18:12.544+0000] {manager.py:997} INFO - 
================================================================================
DAG File Processing Stats

File Path                       PID    Runtime      # DAGs    # Errors  Last Runtime    Last Run               Last # of DB Queries
------------------------------  -----  ---------  --------  ----------  --------------  -------------------  ----------------------
/opt/airflow/dags/first_dag.py                           1           0  0.16s           2026-08-21T14:17:44                      12
================================================================================
[2026-08-21T14:18:43.021+0000] {manager.py:997} INFO - 
================================================================================
DAG File Processing Stats

File Path                       PID    Runtime      # DAGs    # Errors  Last Runtime    Last Run               Last # of DB Queries
------------------------------  -----  ---------  --------  ----------  --------------  -------------------  ----------------------
/opt/airflow/dags/first_dag.py                           1           0  0.18s           2026-08-21T14:18:14                      12
================================================================================
[2026-08-21T14:19:13.275+0000] {manager.py:997} INFO - 
================================================================================
DAG File Processing Stats

File Path                       PID    Runtime      # DAGs    # Errors  Last Runtime    Last Run               Last # of DB Queries
------------------------------  -----  ---------  --------  ----------  --------------  -------------------  ----------------------
/opt/airflow/dags/first_dag.py                           1           0  0.35s           2026-08-21T14:18:45                      12
================================================================================
[2026-08-21T14:19:43.351+0000] {manager.py:997} INFO - 
================================================================================
DAG File Processing Stats

File Path                       PID    Runtime      # DAGs    # Errors  Last Runtime    Last Run               Last # of DB Queries
------------------------------  -----  ---------  --------  ----------  --------------  -------------------  ----------------------
/opt/airflow/dags/first_dag.py                           1           0  0.36s           2026-08-21T14:19:16                      12
================================================================================
[2026-08-21T14:20:13.645+0000] {manager.py:997} INFO - 
================================================================================
DAG File Processing Stats

File Path                       PID    Runtime      # DAGs    # Errors  Last Runtime    Last Run               Last # of DB Queries
------------------------------  -----  ---------  --------  ----------  --------------  -------------------  ----------------------
/opt/airflow/dags/first_dag.py                           1           0  0.38s           2026-08-21T14:19:46                      12
================================================================================
[2026-08-21T14:20:44.296+0000] {manager.py:997} INFO - 
================================================================================
DAG File Processing Stats

File Path                       PID    Runtime      # DAGs    # Errors  Last Runtime    Last Run               Last # of DB Queries
------------------------------  -----  ---------  --------  ----------  --------------  -------------------  ----------------------
/opt/airflow/dags/first_dag.py                           1           0  0.24s           2026-08-21T14:20:17                      12
================================================================================
[2026-08-21T14:21:14.607+0000] {manager.py:997} INFO - 
================================================================================
DAG File Processing Stats

File Path                       PID    Runtime      # DAGs    # Errors  Last Runtime    Last Run               Last # of DB Queries
------------------------------  -----  ---------  --------  ----------  --------------  -------------------  ----------------------
/opt/airflow/dags/first_dag.py                           1           0  0.15s           2026-08-21T14:20:47                      12
================================================================================
[2026-08-21T14:21:44.988+0000] {manager.py:997} INFO - 
================================================================================
DAG File Processing Stats

File Path                       PID    Runtime      # DAGs    # Errors  Last Runtime    Last Run               Last # of DB Queries
------------------------------  -----  ---------  --------  ----------  --------------  -------------------  ----------------------
/opt/airflow/dags/first_dag.py                           1           0  0.18s           2026-08-21T14:21:17                      12
================================================================================
[2026-08-21T14:22:15.371+0000] {manager.py:997} INFO - 
================================================================================
DAG File Processing Stats

File Path                       PID    Runtime      # DAGs    # Errors  Last Runtime    Last Run               Last # of DB Queries
------------------------------  -----  ---------  --------  ----------  --------------  -------------------  ----------------------
/opt/airflow/dags/first_dag.py                           1           0  0.38s           2026-08-21T14:21:48                      12
================================================================================
[2026-08-21T14:22:45.398+0000] {manager.py:997} INFO - 
================================================================================
DAG File Processing Stats

File Path                       PID    Runtime      # DAGs    # Errors  Last Runtime    Last Run               Last # of DB Queries
------------------------------  -----  ---------  --------  ----------  --------------  -------------------  ----------------------
/opt/airflow/dags/first_dag.py                           1           0  0.40s           2026-08-21T14:22:19                      12
================================================================================
[2026-08-21T14:23:08.649+0000] {manager.py:821} INFO - Searching for files in /opt/airflow/dags
[2026-08-21T14:23:08.691+0000] {manager.py:824} INFO - There are 1 files in /opt/airflow/dags
[2026-08-21T14:23:15.788+0000] {manager.py:997} INFO - 
================================================================================
DAG File Processing Stats

File Path                       PID    Runtime      # DAGs    # Errors  Last Runtime    Last Run               Last # of DB Queries
------------------------------  -----  ---------  --------  ----------  --------------  -------------------  ----------------------
/opt/airflow/dags/first_dag.py                           1           0  0.36s           2026-08-21T14:22:49                      12
================================================================================
[2026-08-21T14:23:46.061+0000] {manager.py:997} INFO - 
================================================================================
DAG File Processing Stats

File Path                       PID    Runtime      # DAGs    # Errors  Last Runtime    Last Run               Last # of DB Queries
------------------------------  -----  ---------  --------  ----------  --------------  -------------------  ----------------------
/opt/airflow/dags/first_dag.py                           1           0  0.17s           2026-08-21T14:23:20                      12
================================================================================
[2026-08-21T14:24:16.512+0000] {manager.py:997} INFO - 
================================================================================
DAG File Processing Stats

File Path                       PID    Runtime      # DAGs    # Errors  Last Runtime    Last Run               Last # of DB Queries
------------------------------  -----  ---------  --------  ----------  --------------  -------------------  ----------------------
/opt/airflow/dags/first_dag.py                           1           0  0.16s           2026-08-21T14:23:50                      12
================================================================================
[2026-08-21T14:24:46.874+0000] {manager.py:997} INFO - 
================================================================================
DAG File Processing Stats

File Path                       PID    Runtime      # DAGs    # Errors  Last Runtime    Last Run               Last # of DB Queries
------------------------------  -----  ---------  --------  ----------  --------------  -------------------  ----------------------
/opt/airflow/dags/first_dag.py                           1           0  0.37s           2026-08-21T14:24:20                      12
================================================================================
[2026-08-21T14:25:17.434+0000] {manager.py:997} INFO - 
================================================================================
DAG File Processing Stats

File Path                       PID    Runtime      # DAGs    # Errors  Last Runtime    Last Run               Last # of DB Queries
------------------------------  -----  ---------  --------  ----------  --------------  -------------------  ----------------------
/opt/airflow/dags/first_dag.py                           1           0  0.34s           2026-08-21T14:24:51                      12
================================================================================
[2026-08-21T14:25:48.065+0000] {manager.py:997} INFO - 
================================================================================
DAG File Processing Stats

File Path                       PID    Runtime      # DAGs    # Errors  Last Runtime    Last Run               Last # of DB Queries
------------------------------  -----  ---------  --------  ----------  --------------  -------------------  ----------------------
/opt/airflow/dags/first_dag.py                           1           0  0.35s           2026-08-21T14:25:22                      12
================================================================================
[2026-08-21T14:26:18.737+0000] {manager.py:997} INFO - 
================================================================================
DAG File Processing Stats

File Path                       PID    Runtime      # DAGs    # Errors  Last Runtime    Last Run               Last # of DB Queries
------------------------------  -----  ---------  --------  ----------  --------------  -------------------  ----------------------
/opt/airflow/dags/first_dag.py                           1           0  0.15s           2026-08-21T14:25:52                      12
================================================================================
[2026-08-21T14:26:49.089+0000] {manager.py:997} INFO - 
================================================================================
DAG File Processing Stats

File Path                       PID    Runtime      # DAGs    # Errors  Last Runtime    Last Run               Last # of DB Queries
------------------------------  -----  ---------  --------  ----------  --------------  -------------------  ----------------------
/opt/airflow/dags/first_dag.py                           1           0  0.28s           2026-08-21T14:26:23                      12
================================================================================
[2026-08-21T14:27:19.581+0000] {manager.py:997} INFO - 
================================================================================
DAG File Processing Stats

File Path                       PID    Runtime      # DAGs    # Errors  Last Runtime    Last Run               Last # of DB Queries
------------------------------  -----  ---------  --------  ----------  --------------  -------------------  ----------------------
/opt/airflow/dags/first_dag.py                           1           0  0.33s           2026-08-21T14:26:53                      12
================================================================================
[2026-08-21T14:27:50.004+0000] {manager.py:997} INFO - 
================================================================================
DAG File Processing Stats

File Path                       PID    Runtime      # DAGs    # Errors  Last Runtime    Last Run               Last # of DB Queries
------------------------------  -----  ---------  --------  ----------  --------------  -------------------  ----------------------
/opt/airflow/dags/first_dag.py                           1           0  0.49s           2026-08-21T14:27:24                      12
================================================================================
[2026-08-21T14:28:08.927+0000] {manager.py:821} INFO - Searching for files in /opt/airflow/dags
[2026-08-21T14:28:08.953+0000] {manager.py:824} INFO - There are 1 files in /opt/airflow/dags
[2026-08-21T14:28:20.045+0000] {manager.py:997} INFO - 
================================================================================
DAG File Processing Stats

File Path                       PID    Runtime      # DAGs    # Errors  Last Runtime    Last Run               Last # of DB Queries
------------------------------  -----  ---------  --------  ----------  --------------  -------------------  ----------------------
/opt/airflow/dags/first_dag.py                           1           0  0.36s           2026-08-21T14:27:54                      12
================================================================================
[2026-08-21T14:28:50.405+0000] {manager.py:997} INFO - 
================================================================================
DAG File Processing Stats

File Path                       PID    Runtime      # DAGs    # Errors  Last Runtime    Last Run               Last # of DB Queries
------------------------------  -----  ---------  --------  ----------  --------------  -------------------  ----------------------
/opt/airflow/dags/first_dag.py                           1           0  0.38s           2026-08-21T14:28:25                      12
================================================================================
[2026-08-21T14:29:21.018+0000] {manager.py:997} INFO - 
================================================================================
DAG File Processing Stats

File Path                       PID    Runtime      # DAGs    # Errors  Last Runtime    Last Run               Last # of DB Queries
------------------------------  -----  ---------  --------  ----------  --------------  -------------------  ----------------------
/opt/airflow/dags/first_dag.py                           1           0  0.22s           2026-08-21T14:28:55                      12
================================================================================
[2026-08-21T14:29:51.298+0000] {manager.py:997} INFO - 
================================================================================
DAG File Processing Stats

File Path                       PID    Runtime      # DAGs    # Errors  Last Runtime    Last Run               Last # of DB Queries
------------------------------  -----  ---------  --------  ----------  --------------  -------------------  ----------------------
/opt/airflow/dags/first_dag.py                           1           0  0.20s           2026-08-21T14:29:26                      12
================================================================================
[2026-08-21T14:30:21.770+0000] {manager.py:997} INFO - 
================================================================================
DAG File Processing Stats

File Path                       PID    Runtime      # DAGs    # Errors  Last Runtime    Last Run               Last # of DB Queries
------------------------------  -----  ---------  --------  ----------  --------------  -------------------  ----------------------
/opt/airflow/dags/first_dag.py                           1           0  0.20s           2026-08-21T14:29:56                      12
================================================================================
[2026-08-21T14:30:52.154+0000] {manager.py:997} INFO - 
================================================================================
DAG File Processing Stats

File Path                       PID    Runtime      # DAGs    # Errors  Last Runtime    Last Run               Last # of DB Queries
------------------------------  -----  ---------  --------  ----------  --------------  -------------------  ----------------------
/opt/airflow/dags/first_dag.py                           1           0  0.58s           2026-08-21T14:30:27                      12
================================================================================
[2026-08-21T14:31:22.337+0000] {manager.py:997} INFO - 
================================================================================
DAG File Processing Stats

File Path                       PID    Runtime      # DAGs    # Errors  Last Runtime    Last Run               Last # of DB Queries
------------------------------  -----  ---------  --------  ----------  --------------  -------------------  ----------------------
/opt/airflow/dags/first_dag.py                           1           0  0.43s           2026-08-21T14:30:58                      12
================================================================================
[2026-08-21T14:31:52.653+0000] {manager.py:997} INFO - 
================================================================================
DAG File Processing Stats

File Path                       PID    Runtime      # DAGs    # Errors  Last Runtime    Last Run               Last # of DB Queries
------------------------------  -----  ---------  --------  ----------  --------------  -------------------  ----------------------
/opt/airflow/dags/first_dag.py                           1           0  0.35s           2026-08-21T14:31:28                      12
================================================================================
[2026-08-21T14:32:23.231+0000] {manager.py:997} INFO - 
================================================================================
DAG File Processing Stats

File Path                       PID    Runtime      # DAGs    # Errors  Last Runtime    Last Run               Last # of DB Queries
------------------------------  -----  ---------  --------  ----------  --------------  -------------------  ----------------------
/opt/airflow/dags/first_dag.py                           1           0  0.22s           2026-08-21T14:31:59                      12
================================================================================
[2026-08-21T14:32:53.638+0000] {manager.py:997} INFO - 
================================================================================
DAG File Processing Stats

File Path                       PID    Runtime      # DAGs    # Errors  Last Runtime    Last Run               Last # of DB Queries
------------------------------  -----  ---------  --------  ----------  --------------  -------------------  ----------------------
/opt/airflow/dags/first_dag.py                           1           0  0.15s           2026-08-21T14:32:29                      12
================================================================================
[2026-08-21T14:33:09.432+0000] {manager.py:821} INFO - Searching for files in /opt/airflow/dags
[2026-08-21T14:33:09.465+0000] {manager.py:824} INFO - There are 1 files in /opt/airflow/dags
[2026-08-21T14:33:23.644+0000] {manager.py:997} INFO - 
================================================================================
DAG File Processing Stats

File Path                       PID    Runtime      # DAGs    # Errors  Last Runtime    Last Run               Last # of DB Queries
------------------------------  -----  ---------  --------  ----------  --------------  -------------------  ----------------------
/opt/airflow/dags/first_dag.py                           1           0  0.61s           2026-08-21T14:33:00                      12
================================================================================
[2026-08-21T14:33:53.975+0000] {manager.py:997} INFO - 
================================================================================
DAG File Processing Stats

File Path                       PID    Runtime      # DAGs    # Errors  Last Runtime    Last Run               Last # of DB Queries
------------------------------  -----  ---------  --------  ----------  --------------  -------------------  ----------------------
/opt/airflow/dags/first_dag.py                           1           0  0.35s           2026-08-21T14:33:31                      12
================================================================================
[2026-08-21T14:34:24.579+0000] {manager.py:997} INFO - 
================================================================================
DAG File Processing Stats

File Path                       PID    Runtime      # DAGs    # Errors  Last Runtime    Last Run               Last # of DB Queries
------------------------------  -----  ---------  --------  ----------  --------------  -------------------  ----------------------
/opt/airflow/dags/first_dag.py                           1           0  0.37s           2026-08-21T14:34:01                      12
================================================================================
[2026-08-21T14:34:55.204+0000] {manager.py:997} INFO - 
================================================================================
DAG File Processing Stats

File Path                       PID    Runtime      # DAGs    # Errors  Last Runtime    Last Run               Last # of DB Queries
------------------------------  -----  ---------  --------  ----------  --------------  -------------------  ----------------------
/opt/airflow/dags/first_dag.py                           1           0  0.35s           2026-08-21T14:34:32                      12
================================================================================
[2026-08-21T14:35:25.853+0000] {manager.py:997} INFO - 
================================================================================
DAG File Processing Stats

File Path                       PID    Runtime      # DAGs    # Errors  Last Runtime    Last Run               Last # of DB Queries
------------------------------  -----  ---------  --------  ----------  --------------  -------------------  ----------------------
/opt/airflow/dags/first_dag.py                           1           0  0.17s           2026-08-21T14:35:02                      12
================================================================================
[2026-08-21T14:35:56.139+0000] {manager.py:997} INFO - 
================================================================================
DAG File Processing Stats

File Path                       PID    Runtime      # DAGs    # Errors  Last Runtime    Last Run               Last # of DB Queries
------------------------------  -----  ---------  --------  ----------  --------------  -------------------  ----------------------
/opt/airflow/dags/first_dag.py                           1           0  0.18s           2026-08-21T14:35:33                      12
================================================================================
[2026-08-21T14:36:26.667+0000] {manager.py:997} INFO - 
================================================================================
DAG File Processing Stats

File Path                       PID    Runtime      # DAGs    # Errors  Last Runtime    Last Run               Last # of DB Queries
------------------------------  -----  ---------  --------  ----------  --------------  -------------------  ----------------------
/opt/airflow/dags/first_dag.py                           1           0  0.36s           2026-08-21T14:36:03                      12
================================================================================
[2026-08-21T14:36:57.123+0000] {manager.py:997} INFO - 
================================================================================
DAG File Processing Stats

File Path                       PID    Runtime      # DAGs    # Errors  Last Runtime    Last Run               Last # of DB Queries
------------------------------  -----  ---------  --------  ----------  --------------  -------------------  ----------------------
/opt/airflow/dags/first_dag.py                           1           0  0.34s           2026-08-21T14:36:34                      12
================================================================================
[2026-08-21T14:37:27.667+0000] {manager.py:997} INFO - 
================================================================================
DAG File Processing Stats

File Path                       PID    Runtime      # DAGs    # Errors  Last Runtime    Last Run               Last # of DB Queries
------------------------------  -----  ---------  --------  ----------  --------------  -------------------  ----------------------
/opt/airflow/dags/first_dag.py                           1           0  0.33s           2026-08-21T14:37:04                      12
================================================================================
[2026-08-21T14:37:58.122+0000] {manager.py:997} INFO - 
================================================================================
DAG File Processing Stats

File Path                       PID    Runtime      # DAGs    # Errors  Last Runtime    Last Run               Last # of DB Queries
------------------------------  -----  ---------  --------  ----------  --------------  -------------------  ----------------------
/opt/airflow/dags/first_dag.py                           1           0  0.18s           2026-08-21T14:37:34                      12
================================================================================
[2026-08-21T14:38:10.296+0000] {manager.py:821} INFO - Searching for files in /opt/airflow/dags
[2026-08-21T14:38:10.324+0000] {manager.py:824} INFO - There are 1 files in /opt/airflow/dags
[2026-08-21T14:38:28.603+0000] {manager.py:997} INFO - 
================================================================================
DAG File Processing Stats

File Path                       PID    Runtime      # DAGs    # Errors  Last Runtime    Last Run               Last # of DB Queries
------------------------------  -----  ---------  --------  ----------  --------------  -------------------  ----------------------
/opt/airflow/dags/first_dag.py                           1           0  0.15s           2026-08-21T14:38:05                      12
================================================================================
[2026-08-21T14:38:58.980+0000] {manager.py:997} INFO - 
================================================================================
DAG File Processing Stats

File Path                       PID    Runtime      # DAGs    # Errors  Last Runtime    Last Run               Last # of DB Queries
------------------------------  -----  ---------  --------  ----------  --------------  -------------------  ----------------------
/opt/airflow/dags/first_dag.py                           1           0  0.14s           2026-08-21T14:38:35                      12
================================================================================
[2026-08-21T14:39:29.373+0000] {manager.py:997} INFO - 
================================================================================
DAG File Processing Stats

File Path                       PID    Runtime      # DAGs    # Errors  Last Runtime    Last Run               Last # of DB Queries
------------------------------  -----  ---------  --------  ----------  --------------  -------------------  ----------------------
/opt/airflow/dags/first_dag.py                           1           0  0.32s           2026-08-21T14:39:06                      12
================================================================================
[2026-08-21T14:40:00.044+0000] {manager.py:997} INFO - 
================================================================================
DAG File Processing Stats

File Path                       PID    Runtime      # DAGs    # Errors  Last Runtime    Last Run               Last # of DB Queries
------------------------------  -----  ---------  --------  ----------  --------------  -------------------  ----------------------
/opt/airflow/dags/first_dag.py                           1           0  0.35s           2026-08-21T14:39:36                      12
================================================================================
[2026-08-21T14:40:30.480+0000] {manager.py:997} INFO - 
================================================================================
DAG File Processing Stats

File Path                       PID    Runtime      # DAGs    # Errors  Last Runtime    Last Run               Last # of DB Queries
------------------------------  -----  ---------  --------  ----------  --------------  -------------------  ----------------------
/opt/airflow/dags/first_dag.py                           1           0  0.34s           2026-08-21T14:40:07                      12
================================================================================
[2026-08-21T14:41:01.305+0000] {manager.py:997} INFO - 
================================================================================
DAG File Processing Stats

File Path                       PID    Runtime      # DAGs    # Errors  Last Runtime    Last Run               Last # of DB Queries
------------------------------  -----  ---------  --------  ----------  --------------  -------------------  ----------------------
/opt/airflow/dags/first_dag.py                           1           0  0.32s           2026-08-21T14:40:37                      12
================================================================================
[2026-08-21T14:41:31.687+0000] {manager.py:997} INFO - 
================================================================================
DAG File Processing Stats

File Path                       PID    Runtime      # DAGs    # Errors  Last Runtime    Last Run               Last # of DB Queries
------------------------------  -----  ---------  --------  ----------  --------------  -------------------  ----------------------
/opt/airflow/dags/first_dag.py                           1           0  0.17s           2026-08-21T14:41:08                      12
================================================================================
[2026-08-21T14:42:02.130+0000] {manager.py:997} INFO - 
================================================================================
DAG File Processing Stats

File Path                       PID    Runtime      # DAGs    # Errors  Last Runtime    Last Run               Last # of DB Queries
------------------------------  -----  ---------  --------  ----------  --------------  -------------------  ----------------------
/opt/airflow/dags/first_dag.py                           1           0  0.16s           2026-08-21T14:41:38                      12
================================================================================
[2026-08-21T14:42:32.525+0000] {manager.py:997} INFO - 
================================================================================
DAG File Processing Stats

File Path                       PID    Runtime      # DAGs    # Errors  Last Runtime    Last Run               Last # of DB Queries
------------------------------  -----  ---------  --------  ----------  --------------  -------------------  ----------------------
/opt/airflow/dags/first_dag.py                           1           0  0.19s           2026-08-21T14:42:09                      12
================================================================================
[2026-08-21T14:43:03.021+0000] {manager.py:997} INFO - 
================================================================================
DAG File Processing Stats

File Path                       PID    Runtime      # DAGs    # Errors  Last Runtime    Last Run               Last # of DB Queries
------------------------------  -----  ---------  --------  ----------  --------------  -------------------  ----------------------
/opt/airflow/dags/first_dag.py                           1           0  0.18s           2026-08-21T14:42:39                      12
================================================================================
[2026-08-21T14:43:11.103+0000] {manager.py:821} INFO - Searching for files in /opt/airflow/dags
[2026-08-21T14:43:11.131+0000] {manager.py:824} INFO - There are 1 files in /opt/airflow/dags
[2026-08-21T14:43:33.377+0000] {manager.py:997} INFO - 
================================================================================
DAG File Processing Stats

File Path                       PID    Runtime      # DAGs    # Errors  Last Runtime    Last Run               Last # of DB Queries
------------------------------  -----  ---------  --------  ----------  --------------  -------------------  ----------------------
/opt/airflow/dags/first_dag.py                           1           0  0.16s           2026-08-21T14:43:10                      12
================================================================================
[2026-08-21T14:44:03.938+0000] {manager.py:997} INFO - 
================================================================================
DAG File Processing Stats

File Path                       PID    Runtime      # DAGs    # Errors  Last Runtime    Last Run               Last # of DB Queries
------------------------------  -----  ---------  --------  ----------  --------------  -------------------  ----------------------
/opt/airflow/dags/first_dag.py                           1           0  0.22s           2026-08-21T14:43:40                      12
================================================================================
[2026-08-21T14:44:34.276+0000] {manager.py:997} INFO - 
================================================================================
DAG File Processing Stats

File Path                       PID    Runtime      # DAGs    # Errors  Last Runtime    Last Run               Last # of DB Queries
------------------------------  -----  ---------  --------  ----------  --------------  -------------------  ----------------------
/opt/airflow/dags/first_dag.py                           1           0  0.21s           2026-08-21T14:44:11                      12
================================================================================
[2026-08-21T14:45:04.604+0000] {manager.py:997} INFO - 
================================================================================
DAG File Processing Stats

File Path                       PID    Runtime      # DAGs    # Errors  Last Runtime    Last Run               Last # of DB Queries
------------------------------  -----  ---------  --------  ----------  --------------  -------------------  ----------------------
/opt/airflow/dags/first_dag.py                           1           0  0.16s           2026-08-21T14:44:41                      12
================================================================================
[2026-08-21T14:45:35.104+0000] {manager.py:997} INFO - 
================================================================================
DAG File Processing Stats

File Path                       PID    Runtime      # DAGs    # Errors  Last Runtime    Last Run               Last # of DB Queries
------------------------------  -----  ---------  --------  ----------  --------------  -------------------  ----------------------
/opt/airflow/dags/first_dag.py                           1           0  0.15s           2026-08-21T14:45:11                      12
================================================================================
[2026-08-21T14:46:05.465+0000] {manager.py:997} INFO - 
================================================================================
DAG File Processing Stats

File Path                       PID    Runtime      # DAGs    # Errors  Last Runtime    Last Run               Last # of DB Queries
------------------------------  -----  ---------  --------  ----------  --------------  -------------------  ----------------------
/opt/airflow/dags/first_dag.py                           1           0  0.17s           2026-08-21T14:45:42                      12
================================================================================
[2026-08-21T14:46:36.008+0000] {manager.py:997} INFO - 
================================================================================
DAG File Processing Stats

File Path                       PID    Runtime      # DAGs    # Errors  Last Runtime    Last Run               Last # of DB Queries
------------------------------  -----  ---------  --------  ----------  --------------  -------------------  ----------------------
/opt/airflow/dags/first_dag.py                           1           0  0.31s           2026-08-21T14:46:12                      12
================================================================================
[2026-08-21T14:47:06.471+0000] {manager.py:997} INFO - 
================================================================================
DAG File Processing Stats

File Path                       PID    Runtime      # DAGs    # Errors  Last Runtime    Last Run               Last # of DB Queries
------------------------------  -----  ---------  --------  ----------  --------------  -------------------  ----------------------
/opt/airflow/dags/first_dag.py                           1           0  0.15s           2026-08-21T14:46:43                      12
================================================================================
[2026-08-21T14:47:36.867+0000] {manager.py:997} INFO - 
================================================================================
DAG File Processing Stats

File Path                       PID    Runtime      # DAGs    # Errors  Last Runtime    Last Run               Last # of DB Queries
------------------------------  -----  ---------  --------  ----------  --------------  -------------------  ----------------------
/opt/airflow/dags/first_dag.py                           1           0  0.15s           2026-08-21T14:47:13                      12
================================================================================
[2026-08-21T14:48:07.371+0000] {manager.py:997} INFO - 
================================================================================
DAG File Processing Stats

File Path                       PID    Runtime      # DAGs    # Errors  Last Runtime    Last Run               Last # of DB Queries
------------------------------  -----  ---------  --------  ----------  --------------  -------------------  ----------------------
/opt/airflow/dags/first_dag.py                           1           0  0.23s           2026-08-21T14:47:44                      12
================================================================================
[2026-08-21T14:48:11.417+0000] {manager.py:821} INFO - Searching for files in /opt/airflow/dags
[2026-08-21T14:48:11.441+0000] {manager.py:824} INFO - There are 1 files in /opt/airflow/dags
[2026-08-21T14:48:37.760+0000] {manager.py:997} INFO - 
================================================================================
DAG File Processing Stats

File Path                       PID    Runtime      # DAGs    # Errors  Last Runtime    Last Run               Last # of DB Queries
------------------------------  -----  ---------  --------  ----------  --------------  -------------------  ----------------------
/opt/airflow/dags/first_dag.py                           1           0  0.19s           2026-08-21T14:48:14                      12
================================================================================
[2026-08-21T14:49:08.256+0000] {manager.py:997} INFO - 
================================================================================
DAG File Processing Stats

File Path                       PID    Runtime      # DAGs    # Errors  Last Runtime    Last Run               Last # of DB Queries
------------------------------  -----  ---------  --------  ----------  --------------  -------------------  ----------------------
/opt/airflow/dags/first_dag.py                           1           0  0.16s           2026-08-21T14:48:45                      12
================================================================================
[2026-08-21T14:49:38.598+0000] {manager.py:997} INFO - 
================================================================================
DAG File Processing Stats

File Path                       PID    Runtime      # DAGs    # Errors  Last Runtime    Last Run               Last # of DB Queries
------------------------------  -----  ---------  --------  ----------  --------------  -------------------  ----------------------
/opt/airflow/dags/first_dag.py                           1           0  0.15s           2026-08-21T14:49:15                      12
================================================================================
[2026-08-21T14:50:09.007+0000] {manager.py:997} INFO - 
================================================================================
DAG File Processing Stats

File Path                       PID    Runtime      # DAGs    # Errors  Last Runtime    Last Run               Last # of DB Queries
------------------------------  -----  ---------  --------  ----------  --------------  -------------------  ----------------------
/opt/airflow/dags/first_dag.py                           1           0  0.16s           2026-08-21T14:49:45                      12
================================================================================
[2026-08-21T14:50:39.429+0000] {manager.py:997} INFO - 
================================================================================
DAG File Processing Stats

File Path                       PID    Runtime      # DAGs    # Errors  Last Runtime    Last Run               Last # of DB Queries
------------------------------  -----  ---------  --------  ----------  --------------  -------------------  ----------------------
/opt/airflow/dags/first_dag.py                           1           0  0.16s           2026-08-21T14:50:16                      12
================================================================================
[2026-08-21T14:51:09.920+0000] {manager.py:997} INFO - 
================================================================================
DAG File Processing Stats

File Path                       PID    Runtime      # DAGs    # Errors  Last Runtime    Last Run               Last # of DB Queries
------------------------------  -----  ---------  --------  ----------  --------------  -------------------  ----------------------
/opt/airflow/dags/first_dag.py                           1           0  0.17s           2026-08-21T14:50:46                      12
================================================================================
[2026-08-21T14:51:40.334+0000] {manager.py:997} INFO - 
================================================================================
DAG File Processing Stats

File Path                       PID    Runtime      # DAGs    # Errors  Last Runtime    Last Run               Last # of DB Queries
------------------------------  -----  ---------  --------  ----------  --------------  -------------------  ----------------------
/opt/airflow/dags/first_dag.py                           1           0  0.15s           2026-08-21T14:51:17                      12
================================================================================
[2026-08-21T14:52:10.678+0000] {manager.py:997} INFO - 
================================================================================
DAG File Processing Stats

File Path                       PID    Runtime      # DAGs    # Errors  Last Runtime    Last Run               Last # of DB Queries
------------------------------  -----  ---------  --------  ----------  --------------  -------------------  ----------------------
/opt/airflow/dags/first_dag.py                           1           0  0.16s           2026-08-21T14:51:47                      12
================================================================================
[2026-08-21T14:52:41.165+0000] {manager.py:997} INFO - 
================================================================================
DAG File Processing Stats

File Path                       PID    Runtime      # DAGs    # Errors  Last Runtime    Last Run               Last # of DB Queries
------------------------------  -----  ---------  --------  ----------  --------------  -------------------  ----------------------
/opt/airflow/dags/first_dag.py                           1           0  0.21s           2026-08-21T14:52:17                      12
================================================================================
[2026-08-21T14:53:11.526+0000] {manager.py:821} INFO - Searching for files in /opt/airflow/dags
[2026-08-21T14:53:11.552+0000] {manager.py:824} INFO - There are 1 files in /opt/airflow/dags
[2026-08-21T14:53:11.565+0000] {manager.py:997} INFO - 
================================================================================
DAG File Processing Stats

File Path                       PID    Runtime      # DAGs    # Errors  Last Runtime    Last Run               Last # of DB Queries
------------------------------  -----  ---------  --------  ----------  --------------  -------------------  ----------------------
/opt/airflow/dags/first_dag.py                           1           0  0.18s           2026-08-21T14:52:48                      12
================================================================================
[2026-08-21T14:53:42.062+0000] {manager.py:997} INFO - 
================================================================================
DAG File Processing Stats

File Path                       PID    Runtime      # DAGs    # Errors  Last Runtime    Last Run               Last # of DB Queries
------------------------------  -----  ---------  --------  ----------  --------------  -------------------  ----------------------
/opt/airflow/dags/first_dag.py                           1           0  0.22s           2026-08-21T14:53:18                      12
================================================================================
[2026-08-21T14:54:12.465+0000] {manager.py:997} INFO - 
================================================================================
DAG File Processing Stats

File Path                       PID    Runtime      # DAGs    # Errors  Last Runtime    Last Run               Last # of DB Queries
------------------------------  -----  ---------  --------  ----------  --------------  -------------------  ----------------------
/opt/airflow/dags/first_dag.py                           1           0  0.19s           2026-08-21T14:53:49                      12
================================================================================
[2026-08-21T14:54:42.903+0000] {manager.py:997} INFO - 
================================================================================
DAG File Processing Stats

File Path                       PID    Runtime      # DAGs    # Errors  Last Runtime    Last Run               Last # of DB Queries
------------------------------  -----  ---------  --------  ----------  --------------  -------------------  ----------------------
/opt/airflow/dags/first_dag.py                           1           0  0.15s           2026-08-21T14:54:19                      12
================================================================================
[2026-08-21T14:55:13.259+0000] {manager.py:997} INFO - 
================================================================================
DAG File Processing Stats

File Path                       PID    Runtime      # DAGs    # Errors  Last Runtime    Last Run               Last # of DB Queries
------------------------------  -----  ---------  --------  ----------  --------------  -------------------  ----------------------
/opt/airflow/dags/first_dag.py                           1           0  0.15s           2026-08-21T14:54:50                      12
================================================================================
[2026-08-21T14:55:43.641+0000] {manager.py:997} INFO - 
================================================================================
DAG File Processing Stats

File Path                       PID    Runtime      # DAGs    # Errors  Last Runtime    Last Run               Last # of DB Queries
------------------------------  -----  ---------  --------  ----------  --------------  -------------------  ----------------------
/opt/airflow/dags/first_dag.py                           1           0  0.16s           2026-08-21T14:55:20                      12
================================================================================
[2026-08-21T14:56:14.109+0000] {manager.py:997} INFO - 
================================================================================
DAG File Processing Stats

File Path                       PID    Runtime      # DAGs    # Errors  Last Runtime    Last Run               Last # of DB Queries
------------------------------  -----  ---------  --------  ----------  --------------  -------------------  ----------------------
/opt/airflow/dags/first_dag.py                           1           0  0.19s           2026-08-21T14:55:50                      12
================================================================================
[2026-08-21T14:56:44.480+0000] {manager.py:997} INFO - 
================================================================================
DAG File Processing Stats

File Path                       PID    Runtime      # DAGs    # Errors  Last Runtime    Last Run               Last # of DB Queries
------------------------------  -----  ---------  --------  ----------  --------------  -------------------  ----------------------
/opt/airflow/dags/first_dag.py                           1           0  0.16s           2026-08-21T14:56:21                      12
================================================================================
[2026-08-21T14:57:14.958+0000] {manager.py:997} INFO - 
================================================================================
DAG File Processing Stats

File Path                       PID    Runtime      # DAGs    # Errors  Last Runtime    Last Run               Last # of DB Queries
------------------------------  -----  ---------  --------  ----------  --------------  -------------------  ----------------------
/opt/airflow/dags/first_dag.py                           1           0  0.20s           2026-08-21T14:56:51                      12
================================================================================
[2026-08-21T14:57:45.398+0000] {manager.py:997} INFO - 
================================================================================
DAG File Processing Stats

File Path                       PID    Runtime      # DAGs    # Errors  Last Runtime    Last Run               Last # of DB Queries
------------------------------  -----  ---------  --------  ----------  --------------  -------------------  ----------------------
/opt/airflow/dags/first_dag.py                           1           0  0.17s           2026-08-21T14:57:22                      12
================================================================================
[2026-08-21T14:58:11.758+0000] {manager.py:821} INFO - Searching for files in /opt/airflow/dags
[2026-08-21T14:58:11.798+0000] {manager.py:824} INFO - There are 1 files in /opt/airflow/dags
[2026-08-21T14:58:15.867+0000] {manager.py:997} INFO - 
================================================================================
DAG File Processing Stats

File Path                       PID    Runtime      # DAGs    # Errors  Last Runtime    Last Run               Last # of DB Queries
------------------------------  -----  ---------  --------  ----------  --------------  -------------------  ----------------------
/opt/airflow/dags/first_dag.py                           1           0  0.19s           2026-08-21T14:57:52                      12
================================================================================
[2026-08-21T14:58:46.179+0000] {manager.py:997} INFO - 
================================================================================
DAG File Processing Stats

File Path                       PID    Runtime      # DAGs    # Errors  Last Runtime    Last Run               Last # of DB Queries
------------------------------  -----  ---------  --------  ----------  --------------  -------------------  ----------------------
/opt/airflow/dags/first_dag.py                           1           0  0.17s           2026-08-21T14:58:23                      12
================================================================================
[2026-08-21T14:59:16.628+0000] {manager.py:997} INFO - 
================================================================================
DAG File Processing Stats

File Path                       PID    Runtime      # DAGs    # Errors  Last Runtime    Last Run               Last # of DB Queries
------------------------------  -----  ---------  --------  ----------  --------------  -------------------  ----------------------
/opt/airflow/dags/first_dag.py                           1           0  0.16s           2026-08-21T14:58:53                      12
================================================================================
[2026-08-21T14:59:46.969+0000] {manager.py:997} INFO - 
================================================================================
DAG File Processing Stats

File Path                       PID    Runtime      # DAGs    # Errors  Last Runtime    Last Run               Last # of DB Queries
------------------------------  -----  ---------  --------  ----------  --------------  -------------------  ----------------------
/opt/airflow/dags/first_dag.py                           1           0  0.16s           2026-08-21T14:59:23                      12
================================================================================
[2026-08-21T15:00:17.348+0000] {manager.py:997} INFO - 
================================================================================
DAG File Processing Stats

File Path                       PID    Runtime      # DAGs    # Errors  Last Runtime    Last Run               Last # of DB Queries
------------------------------  -----  ---------  --------  ----------  --------------  -------------------  ----------------------
/opt/airflow/dags/first_dag.py                           1           0  0.16s           2026-08-21T14:59:54                      12
================================================================================
[2026-08-21T15:00:47.802+0000] {manager.py:997} INFO - 
================================================================================
DAG File Processing Stats

File Path                       PID    Runtime      # DAGs    # Errors  Last Runtime    Last Run               Last # of DB Queries
------------------------------  -----  ---------  --------  ----------  --------------  -------------------  ----------------------
/opt/airflow/dags/first_dag.py                           1           0  0.16s           2026-08-21T15:00:24                      12
================================================================================
[2026-08-21T15:01:18.170+0000] {manager.py:997} INFO - 
================================================================================
DAG File Processing Stats

File Path                       PID    Runtime      # DAGs    # Errors  Last Runtime    Last Run               Last # of DB Queries
------------------------------  -----  ---------  --------  ----------  --------------  -------------------  ----------------------
/opt/airflow/dags/first_dag.py                           1           0  0.16s           2026-08-21T15:00:55                      12
================================================================================
[2026-08-21T15:01:48.484+0000] {manager.py:997} INFO - 
================================================================================
DAG File Processing Stats

File Path                       PID    Runtime      # DAGs    # Errors  Last Runtime    Last Run               Last # of DB Queries
------------------------------  -----  ---------  --------  ----------  --------------  -------------------  ----------------------
/opt/airflow/dags/first_dag.py                           1           0  0.17s           2026-08-21T15:01:25                      12
================================================================================
[2026-08-21T15:02:18.815+0000] {manager.py:997} INFO - 
================================================================================
DAG File Processing Stats

File Path                       PID    Runtime      # DAGs    # Errors  Last Runtime    Last Run               Last # of DB Queries
------------------------------  -----  ---------  --------  ----------  --------------  -------------------  ----------------------
/opt/airflow/dags/first_dag.py                           1           0  0.15s           2026-08-21T15:01:55                      12
================================================================================
[2026-08-21T15:02:49.349+0000] {manager.py:997} INFO - 
================================================================================
DAG File Processing Stats

File Path                       PID    Runtime      # DAGs    # Errors  Last Runtime    Last Run               Last # of DB Queries
------------------------------  -----  ---------  --------  ----------  --------------  -------------------  ----------------------
/opt/airflow/dags/first_dag.py                           1           0  0.16s           2026-08-21T15:02:26                      12
================================================================================
[2026-08-21T15:03:11.842+0000] {manager.py:821} INFO - Searching for files in /opt/airflow/dags
[2026-08-21T15:03:11.909+0000] {manager.py:824} INFO - There are 1 files in /opt/airflow/dags
[2026-08-21T15:03:19.701+0000] {manager.py:997} INFO - 
================================================================================
DAG File Processing Stats

File Path                       PID    Runtime      # DAGs    # Errors  Last Runtime    Last Run               Last # of DB Queries
------------------------------  -----  ---------  --------  ----------  --------------  -------------------  ----------------------
/opt/airflow/dags/first_dag.py                           1           0  0.19s           2026-08-21T15:02:56                      12
================================================================================
[2026-08-21T15:03:50.069+0000] {manager.py:997} INFO - 
================================================================================
DAG File Processing Stats

File Path                       PID    Runtime      # DAGs    # Errors  Last Runtime    Last Run               Last # of DB Queries
------------------------------  -----  ---------  --------  ----------  --------------  -------------------  ----------------------
/opt/airflow/dags/first_dag.py                           1           0  0.19s           2026-08-21T15:03:26                      12
================================================================================
[2026-08-21T15:04:20.601+0000] {manager.py:997} INFO - 
================================================================================
DAG File Processing Stats

File Path                       PID    Runtime      # DAGs    # Errors  Last Runtime    Last Run               Last # of DB Queries
------------------------------  -----  ---------  --------  ----------  --------------  -------------------  ----------------------
/opt/airflow/dags/first_dag.py                           1           0  0.16s           2026-08-21T15:03:57                      12
================================================================================
[2026-08-21T15:04:50.955+0000] {manager.py:997} INFO - 
================================================================================
DAG File Processing Stats

File Path                       PID    Runtime      # DAGs    # Errors  Last Runtime    Last Run               Last # of DB Queries
------------------------------  -----  ---------  --------  ----------  --------------  -------------------  ----------------------
/opt/airflow/dags/first_dag.py                           1           0  0.16s           2026-08-21T15:04:27                      12
================================================================================
[2026-08-21T15:05:21.433+0000] {manager.py:997} INFO - 
================================================================================
DAG File Processing Stats

File Path                       PID    Runtime      # DAGs    # Errors  Last Runtime    Last Run               Last # of DB Queries
------------------------------  -----  ---------  --------  ----------  --------------  -------------------  ----------------------
/opt/airflow/dags/first_dag.py                           1           0  0.20s           2026-08-21T15:04:58                      12
================================================================================
[2026-08-21T15:05:51.768+0000] {manager.py:997} INFO - 
================================================================================
DAG File Processing Stats

File Path                       PID    Runtime      # DAGs    # Errors  Last Runtime    Last Run               Last # of DB Queries
------------------------------  -----  ---------  --------  ----------  --------------  -------------------  ----------------------
/opt/airflow/dags/first_dag.py                           1           0  0.17s           2026-08-21T15:05:28                      12
================================================================================
[2026-08-21T15:06:22.088+0000] {manager.py:997} INFO - 
================================================================================
DAG File Processing Stats

File Path                       PID    Runtime      # DAGs    # Errors  Last Runtime    Last Run               Last # of DB Queries
------------------------------  -----  ---------  --------  ----------  --------------  -------------------  ----------------------
/opt/airflow/dags/first_dag.py                           1           0  0.17s           2026-08-21T15:05:59                      12
================================================================================
[2026-08-21T15:06:52.390+0000] {manager.py:997} INFO - 
================================================================================
DAG File Processing Stats

File Path                       PID    Runtime      # DAGs    # Errors  Last Runtime    Last Run               Last # of DB Queries
------------------------------  -----  ---------  --------  ----------  --------------  -------------------  ----------------------
/opt/airflow/dags/first_dag.py                           1           0  0.17s           2026-08-21T15:06:29                      12
================================================================================
[2026-08-21T15:07:22.987+0000] {manager.py:997} INFO - 
================================================================================
DAG File Processing Stats

File Path                       PID    Runtime      # DAGs    # Errors  Last Runtime    Last Run               Last # of DB Queries
------------------------------  -----  ---------  --------  ----------  --------------  -------------------  ----------------------
/opt/airflow/dags/first_dag.py                           1           0  0.24s           2026-08-21T15:06:59                      12
================================================================================
[2026-08-21T15:07:53.364+0000] {manager.py:997} INFO - 
================================================================================
DAG File Processing Stats

File Path                       PID    Runtime      # DAGs    # Errors  Last Runtime    Last Run               Last # of DB Queries
------------------------------  -----  ---------  --------  ----------  --------------  -------------------  ----------------------
/opt/airflow/dags/first_dag.py                           1           0  0.16s           2026-08-21T15:07:30                      12
================================================================================
[2026-08-21T15:08:12.592+0000] {manager.py:821} INFO - Searching for files in /opt/airflow/dags
[2026-08-21T15:08:12.663+0000] {manager.py:824} INFO - There are 1 files in /opt/airflow/dags
[2026-08-21T15:08:23.783+0000] {manager.py:997} INFO - 
================================================================================
DAG File Processing Stats

File Path                       PID    Runtime      # DAGs    # Errors  Last Runtime    Last Run               Last # of DB Queries
------------------------------  -----  ---------  --------  ----------  --------------  -------------------  ----------------------
/opt/airflow/dags/first_dag.py                           1           0  0.17s           2026-08-21T15:08:00                      12
================================================================================
[2026-08-21T15:08:54.133+0000] {manager.py:997} INFO - 
================================================================================
DAG File Processing Stats

File Path                       PID    Runtime      # DAGs    # Errors  Last Runtime    Last Run               Last # of DB Queries
------------------------------  -----  ---------  --------  ----------  --------------  -------------------  ----------------------
/opt/airflow/dags/first_dag.py                           1           0  0.16s           2026-08-21T15:08:31                      12
================================================================================
[2026-08-21T15:09:24.600+0000] {manager.py:997} INFO - 
================================================================================
DAG File Processing Stats

File Path                       PID    Runtime      # DAGs    # Errors  Last Runtime    Last Run               Last # of DB Queries
------------------------------  -----  ---------  --------  ----------  --------------  -------------------  ----------------------
/opt/airflow/dags/first_dag.py                           1           0  0.17s           2026-08-21T15:09:01                      12
================================================================================
[2026-08-21T15:09:55.074+0000] {manager.py:997} INFO - 
================================================================================
DAG File Processing Stats

File Path                       PID    Runtime      # DAGs    # Errors  Last Runtime    Last Run               Last # of DB Queries
------------------------------  -----  ---------  --------  ----------  --------------  -------------------  ----------------------
/opt/airflow/dags/first_dag.py                           1           0  0.19s           2026-08-21T15:09:31                      12
================================================================================
[2026-08-21T15:10:25.586+0000] {manager.py:997} INFO - 
================================================================================
DAG File Processing Stats

File Path                       PID    Runtime      # DAGs    # Errors  Last Runtime    Last Run               Last # of DB Queries
------------------------------  -----  ---------  --------  ----------  --------------  -------------------  ----------------------
/opt/airflow/dags/first_dag.py                           1           0  0.16s           2026-08-21T15:10:02                      12
================================================================================
[2026-08-21T15:10:55.909+0000] {manager.py:997} INFO - 
================================================================================
DAG File Processing Stats

File Path                       PID    Runtime      # DAGs    # Errors  Last Runtime    Last Run               Last # of DB Queries
------------------------------  -----  ---------  --------  ----------  --------------  -------------------  ----------------------
/opt/airflow/dags/first_dag.py                           1           0  0.17s           2026-08-21T15:10:32                      12
================================================================================
[2026-08-21T15:11:26.404+0000] {manager.py:997} INFO - 
================================================================================
DAG File Processing Stats

File Path                       PID    Runtime      # DAGs    # Errors  Last Runtime    Last Run               Last # of DB Queries
------------------------------  -----  ---------  --------  ----------  --------------  -------------------  ----------------------
/opt/airflow/dags/first_dag.py                           1           0  0.16s           2026-08-21T15:11:03                      12
================================================================================
[2026-08-21T15:11:56.917+0000] {manager.py:997} INFO - 
================================================================================
DAG File Processing Stats

File Path                       PID    Runtime      # DAGs    # Errors  Last Runtime    Last Run               Last # of DB Queries
------------------------------  -----  ---------  --------  ----------  --------------  -------------------  ----------------------
/opt/airflow/dags/first_dag.py                           1           0  0.21s           2026-08-21T15:11:33                      12
================================================================================
[2026-08-21T15:12:27.369+0000] {manager.py:997} INFO - 
================================================================================
DAG File Processing Stats

File Path                       PID    Runtime      # DAGs    # Errors  Last Runtime    Last Run               Last # of DB Queries
------------------------------  -----  ---------  --------  ----------  --------------  -------------------  ----------------------
/opt/airflow/dags/first_dag.py                           1           0  0.16s           2026-08-21T15:12:04                      12
================================================================================
[2026-08-21T15:12:57.837+0000] {manager.py:997} INFO - 
================================================================================
DAG File Processing Stats

File Path                       PID    Runtime      # DAGs    # Errors  Last Runtime    Last Run               Last # of DB Queries
------------------------------  -----  ---------  --------  ----------  --------------  -------------------  ----------------------
/opt/airflow/dags/first_dag.py                           1           0  0.16s           2026-08-21T15:12:34                      12
================================================================================
[2026-08-21T15:13:13.058+0000] {manager.py:821} INFO - Searching for files in /opt/airflow/dags
[2026-08-21T15:13:13.076+0000] {manager.py:824} INFO - There are 1 files in /opt/airflow/dags
[2026-08-21T15:13:28.265+0000] {manager.py:997} INFO - 
================================================================================
DAG File Processing Stats

File Path                       PID    Runtime      # DAGs    # Errors  Last Runtime    Last Run               Last # of DB Queries
------------------------------  -----  ---------  --------  ----------  --------------  -------------------  ----------------------
/opt/airflow/dags/first_dag.py                           1           0  0.17s           2026-08-21T15:13:05                      12
================================================================================
[2026-08-21T15:13:58.657+0000] {manager.py:997} INFO - 
================================================================================
DAG File Processing Stats

File Path                       PID    Runtime      # DAGs    # Errors  Last Runtime    Last Run               Last # of DB Queries
------------------------------  -----  ---------  --------  ----------  --------------  -------------------  ----------------------
/opt/airflow/dags/first_dag.py                           1           0  0.16s           2026-08-21T15:13:35                      12
================================================================================
[2026-08-21T15:14:29.070+0000] {manager.py:997} INFO - 
================================================================================
DAG File Processing Stats

File Path                       PID    Runtime      # DAGs    # Errors  Last Runtime    Last Run               Last # of DB Queries
------------------------------  -----  ---------  --------  ----------  --------------  -------------------  ----------------------
/opt/airflow/dags/first_dag.py                           1           0  0.17s           2026-08-21T15:14:05                      12
================================================================================
[2026-08-21T15:14:59.523+0000] {manager.py:997} INFO - 
================================================================================
DAG File Processing Stats

File Path                       PID    Runtime      # DAGs    # Errors  Last Runtime    Last Run               Last # of DB Queries
------------------------------  -----  ---------  --------  ----------  --------------  -------------------  ----------------------
/opt/airflow/dags/first_dag.py                           1           0  0.16s           2026-08-21T15:14:36                      12
================================================================================
